-- phpMyAdmin SQL Dump
-- version 4.1.8
-- http://www.phpmyadmin.net
--
-- Host: localhost
-- Generation Time: Set 18, 2014 alle 16:28
-- Versione del server: 5.5.37-cll
-- PHP Version: 5.4.23

SET FOREIGN_KEY_CHECKS=0;
SET SQL_MODE = "NO_AUTO_VALUE_ON_ZERO";
SET time_zone = "+00:00";


/*!40101 SET @OLD_CHARACTER_SET_CLIENT=@@CHARACTER_SET_CLIENT */;
/*!40101 SET @OLD_CHARACTER_SET_RESULTS=@@CHARACTER_SET_RESULTS */;
/*!40101 SET @OLD_COLLATION_CONNECTION=@@COLLATION_CONNECTION */;
/*!40101 SET NAMES utf8 */;

--
-- Database: `mikesac_mikesac`
--

-- --------------------------------------------------------

--
-- Struttura della tabella `Area`
--
-- Creazione: Set 18, 2014 alle 13:45
--

DROP TABLE IF EXISTS `Area`;
CREATE TABLE IF NOT EXISTS `Area` (
  `id` int(10) NOT NULL AUTO_INCREMENT,
  `name` varchar(255) NOT NULL COMMENT 'area name',
  `description` text NOT NULL,
  `world` int(10) NOT NULL COMMENT 'the world this area belongs to',
  `nx` int(10) NOT NULL COMMENT 'position in screen grid',
  `ny` int(10) NOT NULL COMMENT 'position in screen grid',
  PRIMARY KEY (`id`)
) ENGINE=InnoDB  DEFAULT CHARSET=utf8 AUTO_INCREMENT=34 ;

--
-- Dump dei dati per la tabella `Area`
--

INSERT INTO `Area` (`id`, `name`, `description`, `world`, `nx`, `ny`) VALUES
(1, 'HomeTown', 'Your adventure starts in your hometown, a village in the countryside.\r\nLife flows peacefully, day after day, but in your heart you know that soon you will have to adventure outside its borders.', 0, 3, 3),
(2, 'EastWoods', 'Eastern woods sorrounds the city.\r\nMany hunters walk in thes land in search of a prey ot simply to adventure in the deep black wood.', 0, 3, 3),
(3, 'NorthMountains', 'The way through the hills is long and tricky.\r\nMany traveller got lost into the snowy mountains during the winter, their bodies often found into the Big Deep when spring arrives.', 0, 3, 3),
(4, 'CickoLair1', 'Cicko''s Lair', 0, 3, 4),
(5, 'CickoLair2', 'Cicko''s Lair', 0, 3, 4),
(6, 'CickoLair3', 'Cicko''s Lair', 0, 3, 4),
(7, 'CickoLair4', 'Cicko''s Lair', 0, 3, 4),
(10, 'test', 'test area', 0, 4, 3),
(11, 'sea 1', 'A little town near the sea', 0, 4, 3),
(12, 'sea 2', 'A beautiful city near the near where you can buy a lot', 0, 4, 3),
(13, 'sea land 3', 'An important port', 0, 3, 4),
(14, 'sea island', 'Across the sea you find the island', 0, 3, 4),
(15, 'sea island 1', 'The north of the island', 0, 4, 3),
(16, 'sea island 2', 'In the middle of the island', 0, 4, 3),
(17, 'sea island 4', 'The south of the island', 0, 4, 3),
(18, 'island 1', 'The East cost of the island', 0, 4, 3),
(19, 'only sea', 'In the middle of the sea you find strong mountain', 0, 3, 4),
(20, 'sea only', 'It''s hard the journay in the middle of the sea', 0, 3, 4),
(21, 'dark land 1', 'A dark land where live is realy hard...', 0, 4, 3),
(22, 'dark land 2', 'One day was an important city...', 0, 4, 3),
(23, 'Darkness', 'The street will be not so easy', 0, 4, 3),
(24, 'Hard dark mountains', 'Here you can find death or become realy strong', 0, 3, 4),
(25, 'Hardcim top', 'Here you can understang your strong', 0, 3, 4),
(26, 'lonlyland', 'Down to the mountains you can find only grey hard land', 0, 3, 4),
(27, 'northvulc', 'Find the way between the mountains is not so easy', 0, 3, 4),
(28, 'Valkun', 'Before here life and prospeirty was a normal thing.', 0, 3, 4),
(29, 'Valkun south', 'It''s hard sleep here because of the vulcan has erupted agian.', 0, 3, 4),
(30, 'sea land 4', 'The ships here can stop without troubles', 0, 3, 4),
(31, 'templevulk', 'In the middle of the rock mountain there is a temple...', 0, 3, 4),
(32, 'Valkun dark', 'Here only the death can survive', 0, 3, 4),
(33, 'onlygrey', 'Lost the street is very easy', 0, 3, 4);

-- --------------------------------------------------------

--
-- Struttura della tabella `AreaItem`
--
-- Creazione: Set 18, 2014 alle 13:45
--

DROP TABLE IF EXISTS `AreaItem`;
CREATE TABLE IF NOT EXISTS `AreaItem` (
  `id` int(11) NOT NULL AUTO_INCREMENT,
  `name` varchar(64) NOT NULL DEFAULT 'testAreaItem' COMMENT 'Area item name',
  `icon` varchar(64) NOT NULL DEFAULT 'area',
  `cost` int(11) NOT NULL DEFAULT '1',
  `areaid` int(11) NOT NULL DEFAULT '1' COMMENT 'parent area',
  `areax` smallint(6) NOT NULL DEFAULT '0' COMMENT 'parent area x',
  `areay` smallint(6) NOT NULL DEFAULT '0' COMMENT 'parent area y',
  `x` int(11) NOT NULL DEFAULT '0' COMMENT 'x coord',
  `y` int(11) NOT NULL DEFAULT '0' COMMENT 'ycoord',
  `arealock` varchar(64) NOT NULL COMMENT 'lock id',
  `areatype` int(11) NOT NULL DEFAULT '0',
  `questlock` varchar(64) NOT NULL,
  `url` varchar(255) NOT NULL,
  `doublestep` tinyint(1) NOT NULL DEFAULT '0',
  `hidemode` tinyint(1) NOT NULL,
  `level` int(11) NOT NULL DEFAULT '1',
  `npcs` varchar(64) NOT NULL,
  PRIMARY KEY (`id`),
  UNIQUE KEY `name` (`name`,`areaid`),
  KEY `fk_area` (`areaid`)
) ENGINE=InnoDB  DEFAULT CHARSET=utf8 COMMENT='Item inside area' AUTO_INCREMENT=27 ;

--
-- Dump dei dati per la tabella `AreaItem`
--

INSERT INTO `AreaItem` (`id`, `name`, `icon`, `cost`, `areaid`, `areax`, `areay`, `x`, `y`, `arealock`, `areatype`, `questlock`, `url`, `doublestep`, `hidemode`, `level`, `npcs`) VALUES
(1, 'Home', 'talk', 1, 1, 1, 1, 230, 50, '2,3,26', 0, '', '/player/npcdialog.html', 0, 0, 1, '51'),
(2, 'NorthMountains', 'map', 1, 1, 0, 0, 80, -50, '1,3,4,26', 0, '', '/player/map.html?m=4', 1, 0, 1, ''),
(3, 'EastWoods', 'map', 1, 1, 2, 1, 200, 150, '1,2,5,26', 0, '', '/player/map.html?m=5', 1, 0, 1, ''),
(4, 'HomeTown', 'map', 1, 3, 1, 2, 260, 60, '2,9', 0, '', '/player/map.html?m=2', 1, 0, 1, ''),
(5, 'HomeTown', 'map', 1, 2, 0, 2, 100, -20, '3,8', 0, '', '/player/map.html?m=3', 1, 0, 1, ''),
(6, 'Hunt Area (North)', 'fight', 1, 2, 1, 0, 200, 0, '7,8', 0, '', '/player/mapfight.html', 0, 0, 2, ''),
(7, 'Hunt Area (East)', 'fight', 1, 2, 2, 1, 200, 100, '6', 0, '', '/player/mapfight.html', 0, 0, 3, ''),
(8, 'Hunt Area', 'fight', 1, 2, 1, 1, 0, 0, '5,6', 0, '', '/player/mapfight.html', 0, 0, 1, ''),
(9, 'CickoLair', 'dungeon', 1, 3, 1, 2, -50, -50, '4,10', 0, '', '/player/map.html?m=10', 1, 0, 1, ''),
(10, 'NorthMountains', 'dungeon', 1, 4, 0, 0, 10, 10, '9,11', 0, '', '/player/map.html?m=9', 1, 0, 1, ''),
(11, 'CickoLair2', 'map', 1, 4, 2, 2, 120, 20, '10,12', 0, '', '/player/map.html?m=12', 1, 0, 1, ''),
(12, 'CickoLair2', 'map', 1, 5, 0, 1, 220, -50, '11,13', 0, '', '/player/map.html?m=11', 1, 0, 1, ''),
(13, 'CickoLair3', 'map', 1, 5, 1, 3, 150, 20, '12,14', 0, '', '/player/map.html?m=14', 0, 0, 1, ''),
(14, 'CickoLair3', 'map', 1, 6, 1, 0, 135, -10, '13,15', 0, '', '/player/map.html?m=13', 0, 0, 1, ''),
(15, 'CickoLair4', 'map', 1, 6, 0, 2, 10, -40, '14,16', 0, '', '/player/map.html?m=16', 0, 0, 1, ''),
(16, 'CickoLair4', 'map', 1, 7, 2, 2, 0, -50, '15,17', 0, '', '/player/map.html?m=15', 1, 0, 1, ''),
(17, 'FinalBoss', 'fight', 1, 7, 2, 0, -50, -50, '16', 0, '', '/player/mapfight.html', 1, 0, 1, ''),
(18, 'NewAreaItem', 'temp', 0, 2, 0, 0, 0, 0, '', 0, '', '', 0, 0, 0, ''),
(19, 'enter', 'map', 0, 10, 0, 0, 110, 0, '', 0, '', '/player/map.html?m=12', 0, 0, 0, ''),
(20, 'NewAreaItem', 'fight', 0, 11, 0, 0, 7, 3, '', 0, '', '/player/mapfight.html', 0, 0, 1, ''),
(21, 'NewAreaItem', 'fight', 1, 12, 0, 0, 6, 55, '', 0, '', '/player/mapfight.html', 0, 0, 1, ''),
(22, 'pro', 'map', 0, 18, 1, 0, 11, -27, '', 0, '', '/player/map.html?m=25', 0, 0, 0, ''),
(23, 'NewAreaItem', 'fight', 0, 10, 3, 1, 100, -20, '', 0, '', '/player/mapfight.html', 0, 0, 1, ''),
(24, 'provas', 'map', 0, 18, 0, 0, 5, -13, '', 0, '', '/player/map.html?m=25', 0, 0, 3, ''),
(25, 'NewAreaItem', 'map', 0, 18, 3, 1, 144, -44, '', 0, '', '/player/map.html?m=22', 0, 0, 0, ''),
(26, 'MageShop', 'talk', 0, 1, 0, 2, 110, 20, '1,2,3', 0, '', '/player/npcdialog.html', 0, 0, 0, '88');

-- --------------------------------------------------------

--
-- Struttura della tabella `Item`
--
-- Creazione: Set 18, 2014 alle 13:45
--

DROP TABLE IF EXISTS `Item`;
CREATE TABLE IF NOT EXISTS `Item` (
  `id` int(10) NOT NULL AUTO_INCREMENT,
  `name` varchar(255) NOT NULL DEFAULT 'NoItem' COMMENT 'item name',
  `description` varchar(255) NOT NULL COMMENT 'item description',
  `image` varchar(255) NOT NULL COMMENT 'item image',
  `costAP` int(11) NOT NULL,
  `req_str` int(10) NOT NULL DEFAULT '0' COMMENT 'required str',
  `req_int` int(10) NOT NULL DEFAULT '0',
  `req_dex` int(10) NOT NULL,
  `req_cha` int(10) NOT NULL DEFAULT '0',
  `req_lev` int(10) NOT NULL DEFAULT '0',
  `mod_str` int(10) NOT NULL DEFAULT '0',
  `mod_int` int(10) NOT NULL DEFAULT '0',
  `mod_dex` int(10) NOT NULL DEFAULT '0',
  `mod_cha` int(10) NOT NULL DEFAULT '0',
  `price` float NOT NULL,
  `level` int(10) NOT NULL DEFAULT '0' COMMENT 'item level',
  `spell` int(10) NOT NULL,
  `damage` varchar(128) NOT NULL DEFAULT '0',
  `initiative` int(10) NOT NULL DEFAULT '1',
  `durability` int(10) NOT NULL DEFAULT '1',
  `type` int(1) NOT NULL DEFAULT '0',
  PRIMARY KEY (`id`),
  KEY `ItemSpecialSpell` (`spell`)
) ENGINE=InnoDB  DEFAULT CHARSET=utf8 AUTO_INCREMENT=2831 ;

--
-- Dump dei dati per la tabella `Item`
--

INSERT INTO `Item` (`id`, `name`, `description`, `image`, `costAP`, `req_str`, `req_int`, `req_dex`, `req_cha`, `req_lev`, `mod_str`, `mod_int`, `mod_dex`, `mod_cha`, `price`, `level`, `spell`, `damage`, `initiative`, `durability`, `type`) VALUES
(14, 'no-item', 'unexisting item', 'empty', 1, 0, 5, 5, 5, 0, 0, 0, 0, 0, 0, 0, 1, '0', 0, 0, 0),
(15, 'Pugnale', 'Una piccola lama', 'dagger', 1, 8, 5, 5, 5, 1, 0, 0, 0, 0, 2, 1, 1, '1d4', 2, 10, 1),
(16, 'Martello', 'Un attrezzo da fabbro', 'hammer', 1, 8, 5, 5, 5, 1, 0, 0, 0, 0, 0, 1, 1, '1d3', 1, 5, 1),
(17, 'Piccone', 'Utile per la miniera', 'picc', 1, 9, 5, 5, 5, 1, 0, 0, 0, 0, 4, 1, 1, '1d5', 5, 20, 1),
(18, 'Spada corta', 'Utile per difendersi', 'sSword', 1, 10, 5, 5, 5, 3, 0, 0, 0, 0, 10, 1, 1, '1d6', 3, 15, 1),
(19, 'Mazza', 'Per chi non ama le armi affilate', 'mace', 1, 9, 5, 5, 5, 3, 0, 0, 0, 0, 5, 1, 1, '1d5', 2, 10, 1),
(20, 'Bastone', 'Asta rinforzata', 'staff', 1, 10, 5, 5, 5, 3, 0, 0, 0, 0, 0, 1, 1, '1d6', 6, 7, 1),
(21, 'Spada lunga', 'Finalmente una vera arma', 'lSword', 1, 11, 5, 5, 5, 5, 0, 0, 0, 0, 15, 1, 1, '1d8', 7, 20, 1),
(22, 'Ascia', 'Non solo per fare legna', 'axe', 1, 12, 5, 5, 5, 5, 0, 0, 0, 0, 10, 1, 1, '1d7', 8, 25, 1),
(23, 'Guanto Chiodato', 'Un guanto di ferro', 'gaunt', 1, 6, 5, 5, 5, 1, 0, 0, 0, 0, 0, 1, 1, '1d4', 1, 10, 1),
(24, 'Falcetto', 'Usato nei campi', 'sick', 1, 8, 5, 5, 5, 3, 0, 0, 0, 0, 6, 1, 1, '1d6', 5, 10, 1),
(25, 'Mezza Lancia', 'Una lancia per i combattimenti ravvicinati', 'sLance', 1, 11, 5, 5, 5, 3, 0, 0, 0, 0, 2, 1, 1, '1d6', 3, 10, 1),
(26, 'Morning Star', 'Una palla di ferro con catena ', 'morning', 1, 8, 5, 6, 5, 3, 0, 0, 0, 0, 8, 1, 1, '1d6', 1, 15, 1),
(27, 'Padded armour', 'armatura leggera utile per muoversi velocemente tra i boschi', 'padded', 1, 5, 5, 5, 5, 1, 0, 0, 0, 0, 5, 1, 1, '1', 0, -1, 3),
(28, 'Leather armour', 'armatura di cuoio. il giusto compromesso per non penalizzare forza e destrezza', 'leather', 1, 8, 5, 5, 5, 1, 0, -1, 0, 0, 10, 1, 1, '2', 0, -1, 3),
(29, 'Studded leather Armour', 'Armatura di pelle borchiata. Utile per difendersi da creature piccole e veloci', 'sleather', 1, 10, 5, 5, 5, 1, 0, -1, 0, 0, 25, 1, 1, '3', 0, -1, 3),
(30, 'Chain shirt armour', 'maglia di ferro leggera', 'chain', 1, -1, 5, 5, 5, 1, 0, -1, 0, 0, 100, 1, 1, '4', 0, -1, 3),
(32, 'Scale mail ', 'Armatura a scaglie di ferro', 'scale', 1, -1, 5, 5, 5, 5, 0, -2, 0, 0, 50, 2, 1, '4', 0, -1, 3),
(33, 'Chainmail Armour', 'maglia di ferro pesante', 'chainmail', 1, -1, 5, 5, 5, 5, 0, -3, 0, 0, 150, 2, 1, '5', 0, -1, 3),
(34, 'Breastplate ', 'Armatura composta da un corpetto di piastre posizionate solo nella parte anteriore del corpo', 'breast', 1, -1, 5, 5, 5, 5, 0, -2, 0, 0, 200, 2, 1, '5', 0, -1, 3),
(35, 'Splint mail ', 'Armatura di maglie di ferro che copre tutto il corpo come una tunica', 'splint', 1, -1, 5, 5, 5, 10, 0, -4, 0, 0, 300, 3, 1, '6', 0, -1, 3),
(36, 'Banded mail ', 'Armatura a bande di ferro. Copre solo parte superiore del corpo', 'banded', 1, -1, 5, 5, 5, 10, 0, -3, 0, 0, 400, 3, 1, '6', 0, -1, 3),
(37, 'Half-plate ', 'Armatura di piaste', 'hplate', 1, -1, 5, 5, 5, 10, 0, -4, 0, 0, 600, 3, 1, '7', 0, -1, 3),
(38, 'Full plate ', 'Armatura di piastre completa', 'fplate', 1, -1, 5, 5, 5, 10, 0, -3, 0, 0, 1000, 3, 1, '8', 0, -1, 3),
(39, 'Buckler ', 'Scudo piccolo di legno', 'buckler', 1, 6, 5, 5, 5, 1, 0, -5, 0, 0, 15, 1, 1, '1', 0, -1, 2),
(40, 'Shield, light wooden ', 'scudo medio di legno', 'lshieldw', 1, 7, 5, 5, 5, 1, 0, -5, 0, 0, 3, 1, 1, '1', 0, -1, 2),
(41, 'Shield, light steel ', 'scudo d''acciaio leggero', 'lshields', 1, 8, 5, 5, 5, 1, 0, -5, 0, 0, 9, 1, 1, '1', 0, -1, 2),
(42, 'Shield, heavy wooden ', 'Scudo pesante di legno', 'hshieldw', 1, 9, 5, 5, 5, 5, 0, -1, 0, 0, 7, 2, 1, '2', 0, -1, 2),
(43, 'Shield, heavy steel ', 'Scudo d''acciaio pesante', 'hshields', 1, 10, 5, 5, 5, 5, 0, -1, 0, 0, 20, 2, 1, '2', 0, -1, 2),
(44, 'Shield, tower ', 'Scudo enorme', 'tower', 1, 15, 5, 5, 5, 10, 0, -5, 0, 0, 30, 3, 1, '4', 0, -1, 2),
(1671, 'Cat&prime;s Pugnale (lesser)', 'Una piccola lama', 'dagger1', 1, 8, 5, 5, 5, 1, 0, 0, 1, 0, 1002, 6, 1, '1d4', 2, 10, 1),
(1672, 'Cat&prime;s Martello (lesser)', 'Un attrezzo da fabbro', 'hammer1', 1, 8, 5, 5, 5, 1, 0, 0, 1, 0, 1000, 6, 1, '1d3', 1, 5, 1),
(1673, 'Cat&prime;s Piccone (lesser)', 'Utile per la miniera', 'picc1', 1, 9, 5, 5, 5, 1, 0, 0, 1, 0, 1004, 6, 1, '1d5', 5, 20, 1),
(1674, 'Cat&prime;s Spada corta (lesser)', 'Utile per difendersi', 'sSword1', 1, 10, 5, 5, 5, 3, 0, 0, 1, 0, 1010, 6, 1, '1d6', 3, 15, 1),
(1675, 'Cat&prime;s Mazza (lesser)', 'Per chi non ama le armi affilate', 'mace1', 1, 9, 5, 5, 5, 3, 0, 0, 1, 0, 1005, 6, 1, '1d5', 2, 10, 1),
(1676, 'Cat&prime;s Bastone (lesser)', 'Asta rinforzata', 'staff1', 1, 10, 5, 5, 5, 3, 0, 0, 1, 0, 1000, 6, 1, '1d6', 6, 7, 1),
(1677, 'Cat&prime;s Spada lunga (lesser)', 'Finalmente una vera arma', 'lSword1', 1, 11, 5, 5, 5, 5, 0, 0, 1, 0, 1015, 6, 1, '1d8', 7, 20, 1),
(1678, 'Cat&prime;s Ascia (lesser)', 'Non solo per fare legna', 'axe1', 1, 12, 5, 5, 5, 5, 0, 0, 1, 0, 1010, 6, 1, '1d7', 8, 25, 1),
(1679, 'Cat&prime;s Guanto Chiodato (lesser)', 'Un guanto di ferro', 'gaunt1', 1, 6, 5, 5, 5, 1, 0, 0, 1, 0, 1000, 6, 1, '1d4', 1, 10, 1),
(1680, 'Cat&prime;s Falcetto (lesser)', 'Usato nei campi', 'sick1', 1, 8, 5, 5, 5, 3, 0, 0, 1, 0, 1006, 6, 1, '1d6', 5, 10, 1),
(1681, 'Cat&prime;s Mezza Lancia (lesser)', 'Una lancia per i combattimenti ravvicinati', 'sLance1', 1, 11, 5, 5, 5, 3, 0, 0, 1, 0, 1002, 6, 1, '1d6', 3, 10, 1),
(1682, 'Cat&prime;s Morning Star (lesser)', 'Una palla di ferro con catena ', 'morning1', 1, 8, 5, 6, 5, 3, 0, 0, 1, 0, 1008, 6, 1, '1d6', 1, 15, 1),
(1683, 'Cat&prime;s Padded armour (lesser)', 'armatura leggera utile per muoversi velocemente tra i boschi', 'padded1', 1, 5, 5, 5, 5, 1, 0, 0, 1, 0, 1005, 6, 1, '1', 0, -1, 3),
(1684, 'Cat&prime;s Leather armour (lesser)', 'armatura di cuoio. il giusto compromesso per non penalizzare forza e destrezza', 'leather1', 1, 8, 5, 5, 5, 1, 0, -1, 1, 0, 1010, 6, 1, '2', 0, -1, 3),
(1685, 'Cat&prime;s Studded leather Armour (lesser)', 'Armatura di pelle borchiata. Utile per difendersi da creature piccole e veloci', 'sleather1', 1, 10, 5, 5, 5, 1, 0, -1, 1, 0, 1025, 6, 1, '3', 0, -1, 3),
(1686, 'Cat&prime;s Chain shirt armour (lesser)', 'maglia di ferro leggera', 'chain1', 1, -1, 5, 5, 5, 1, 0, -2, 1, 0, 1100, 6, 1, '4', 0, -1, 3),
(1687, 'Cat&prime;s Scale mail  (lesser)', 'Armatura a scaglie di ferro', 'scale1', 1, -1, 5, 5, 5, 5, 0, -2, 1, 0, 1050, 7, 1, '4', 0, -1, 3),
(1688, 'Cat&prime;s Chainmail Armour (lesser)', 'maglia di ferro pesante', 'chainmail1', 1, -1, 5, 5, 5, 5, 0, -3, 1, 0, 1150, 7, 1, '5', 0, -1, 3),
(1689, 'Cat&prime;s Breastplate  (lesser)', 'Armatura composta da un corpetto di piastre posizionate solo nella parte anteriore del corpo', 'breast1', 1, -1, 5, 5, 5, 5, 0, -2, 1, 0, 1200, 7, 1, '5', 0, -1, 3),
(1690, 'Cat&prime;s Splint mail  (lesser)', 'Armatura di maglie di ferro che copre tutto il corpo come una tunica', 'splint1', 1, -1, 5, 5, 5, 10, 0, -4, 1, 0, 1200, 8, 1, '6', 0, -1, 3),
(1691, 'Cat&prime;s Banded mail  (lesser)', 'Armatura a bande di ferro. Copre solo parte superiore del corpo', 'banded1', 1, -1, 5, 5, 5, 10, 0, -3, 1, 0, 1250, 8, 1, '6', 0, -1, 3),
(1692, 'Cat&prime;s Half-plate  (lesser)', 'Armatura di piaste', 'hplate1', 1, -1, 5, 5, 5, 10, 0, -4, 1, 0, 1600, 8, 1, '7', 0, -1, 3),
(1693, 'Cat&prime;s Full plate  (lesser)', 'Armatura di piastre completa', 'fplate1', 1, -1, 5, 5, 5, 10, 0, -3, 1, 0, 2000, 8, 1, '8', 0, -1, 3),
(1694, 'Cat&prime;s Buckler  (lesser)', 'Scudo piccolo di legno', 'buckler1', 1, 6, 5, 5, 5, 1, 0, -5, 1, 0, 1015, 6, 1, '1', 0, -1, 2),
(1695, 'Cat&prime;s Shield, light wooden  (lesser)', 'scudo medio di legno', 'lshieldw1', 1, 7, 5, 5, 5, 1, 0, -5, 1, 0, 1003, 6, 1, '1', 0, -1, 2),
(1696, 'Cat&prime;s Shield, light steel  (lesser)', 'scudo d''acciaio leggero', 'lshields1', 1, 8, 5, 5, 5, 1, 0, -5, 1, 0, 1009, 6, 1, '1', 0, -1, 2),
(1697, 'Cat&prime;s Shield, heavy wooden  (lesser)', 'Scudo pesante di legno', 'hshieldw1', 1, 9, 5, 5, 5, 5, 0, -1, 1, 0, 1007, 7, 1, '2', 0, -1, 2),
(1698, 'Cat&prime;s Shield, heavy steel  (lesser)', 'Scudo d''acciaio pesante', 'hshields1', 1, 10, 5, 5, 5, 5, 0, -1, 1, 0, 1020, 7, 1, '2', 0, -1, 2),
(1699, 'Cat&prime;s Shield, tower  (lesser)', 'Scudo enorme', 'tower1', 1, 15, 5, 5, 5, 10, 0, -5, 1, 0, 1030, 8, 1, '4', 0, -1, 2),
(1700, 'Boar&prime;s Pugnale (lesser)', 'Una piccola lama', 'dagger1', 1, 8, 5, 5, 5, 1, 1, 0, 0, 0, 1002, 6, 1, '1d4', 2, 10, 1),
(1701, 'Boar&prime;s Martello (lesser)', 'Un attrezzo da fabbro', 'hammer1', 1, 8, 5, 5, 5, 1, 1, 0, 0, 0, 1000, 6, 1, '1d3', 1, 5, 1),
(1702, 'Boar&prime;s Piccone (lesser)', 'Utile per la miniera', 'picc1', 1, 9, 5, 5, 5, 1, 1, 0, 0, 0, 1004, 6, 1, '1d5', 5, 20, 1),
(1703, 'Boar&prime;s Spada corta (lesser)', 'Utile per difendersi', 'sSword1', 1, 10, 5, 5, 5, 3, 1, 0, 0, 0, 1010, 6, 1, '1d6', 3, 15, 1),
(1704, 'Boar&prime;s Mazza (lesser)', 'Per chi non ama le armi affilate', 'mace1', 1, 9, 5, 5, 5, 3, 1, 0, 0, 0, 1005, 6, 1, '1d5', 2, 10, 1),
(1705, 'Boar&prime;s Bastone (lesser)', 'Asta rinforzata', 'staff1', 1, 10, 5, 5, 5, 3, 1, 0, 0, 0, 1000, 6, 1, '1d6', 6, 7, 1),
(1706, 'Boar&prime;s Spada lunga (lesser)', 'Finalmente una vera arma', 'lSword1', 1, 11, 5, 5, 5, 5, 1, 0, 0, 0, 1015, 6, 1, '1d8', 7, 20, 1),
(1707, 'Boar&prime;s Ascia (lesser)', 'Non solo per fare legna', 'axe1', 1, 12, 5, 5, 5, 5, 1, 0, 0, 0, 1010, 6, 1, '1d7', 8, 25, 1),
(1708, 'Boar&prime;s Guanto Chiodato (lesser)', 'Un guanto di ferro', 'gaunt1', 1, 6, 5, 5, 5, 1, 1, 0, 0, 0, 1000, 6, 1, '1d4', 1, 10, 1),
(1709, 'Boar&prime;s Falcetto (lesser)', 'Usato nei campi', 'sick1', 1, 8, 5, 5, 5, 3, 1, 0, 0, 0, 1006, 6, 1, '1d6', 5, 10, 1),
(1710, 'Boar&prime;s Mezza Lancia (lesser)', 'Una lancia per i combattimenti ravvicinati', 'sLance1', 1, 11, 5, 5, 5, 3, 1, 0, 0, 0, 1002, 6, 1, '1d6', 3, 10, 1),
(1711, 'Boar&prime;s Morning Star (lesser)', 'Una palla di ferro con catena ', 'morning1', 1, 8, 5, 6, 5, 3, 1, 0, 0, 0, 1008, 6, 1, '1d6', 1, 15, 1),
(1712, 'Boar&prime;s Padded armour (lesser)', 'armatura leggera utile per muoversi velocemente tra i boschi', 'padded1', 1, 5, 5, 5, 5, 1, 1, 0, 0, 0, 1005, 6, 1, '1', 0, -1, 3),
(1713, 'Boar&prime;s Leather armour (lesser)', 'armatura di cuoio. il giusto compromesso per non penalizzare forza e destrezza', 'leather1', 1, 8, 5, 5, 5, 1, 1, -1, 0, 0, 1010, 6, 1, '2', 0, -1, 3),
(1714, 'Boar&prime;s Studded leather Armour (lesser)', 'Armatura di pelle borchiata. Utile per difendersi da creature piccole e veloci', 'sleather1', 1, 10, 5, 5, 5, 1, 1, -1, 0, 0, 1025, 6, 1, '3', 0, -1, 3),
(1715, 'Boar&prime;s Chain shirt armour (lesser)', 'maglia di ferro leggera', 'chain1', 1, -1, 5, 5, 5, 1, 1, -2, 0, 0, 1100, 6, 1, '4', 0, -1, 3),
(1716, 'Boar&prime;s Scale mail  (lesser)', 'Armatura a scaglie di ferro', 'scale1', 1, -1, 5, 5, 5, 5, 1, -2, 0, 0, 1050, 7, 1, '4', 0, -1, 3),
(1717, 'Boar&prime;s Chainmail Armour (lesser)', 'maglia di ferro pesante', 'chainmail1', 1, -1, 5, 5, 5, 5, 1, -3, 0, 0, 1150, 7, 1, '5', 0, -1, 3),
(1718, 'Boar&prime;s Breastplate  (lesser)', 'Armatura composta da un corpetto di piastre posizionate solo nella parte anteriore del corpo', 'breast1', 1, -1, 5, 5, 5, 5, 1, -2, 0, 0, 1200, 7, 1, '5', 0, -1, 3),
(1719, 'Boar&prime;s Splint mail  (lesser)', 'Armatura di maglie di ferro che copre tutto il corpo come una tunica', 'splint1', 1, -1, 5, 5, 5, 10, 1, -4, 0, 0, 1200, 8, 1, '6', 0, -1, 3),
(1720, 'Boar&prime;s Banded mail  (lesser)', 'Armatura a bande di ferro. Copre solo parte superiore del corpo', 'banded1', 1, -1, 5, 5, 5, 10, 1, -3, 0, 0, 1250, 8, 1, '6', 0, -1, 3),
(1721, 'Boar&prime;s Half-plate  (lesser)', 'Armatura di piaste', 'hplate1', 1, -1, 5, 5, 5, 10, 1, -4, 0, 0, 1600, 8, 1, '7', 0, -1, 3),
(1722, 'Boar&prime;s Full plate  (lesser)', 'Armatura di piastre completa', 'fplate1', 1, -1, 5, 5, 5, 10, 1, -3, 0, 0, 2000, 8, 1, '8', 0, -1, 3),
(1723, 'Boar&prime;s Buckler  (lesser)', 'Scudo piccolo di legno', 'buckler1', 1, 6, 5, 5, 5, 1, 1, -5, 0, 0, 1015, 6, 1, '1', 0, -1, 2),
(1724, 'Boar&prime;s Shield, light wooden  (lesser)', 'scudo medio di legno', 'lshieldw1', 1, 7, 5, 5, 5, 1, 1, -5, 0, 0, 1003, 6, 1, '1', 0, -1, 2),
(1725, 'Boar&prime;s Shield, light steel  (lesser)', 'scudo d''acciaio leggero', 'lshields1', 1, 8, 5, 5, 5, 1, 1, -5, 0, 0, 1009, 6, 1, '1', 0, -1, 2),
(1726, 'Boar&prime;s Shield, heavy wooden  (lesser)', 'Scudo pesante di legno', 'hshieldw1', 1, 9, 5, 5, 5, 5, 1, -1, 0, 0, 1007, 7, 1, '2', 0, -1, 2),
(1727, 'Boar&prime;s Shield, heavy steel  (lesser)', 'Scudo d''acciaio pesante', 'hshields1', 1, 10, 5, 5, 5, 5, 1, -1, 0, 0, 1020, 7, 1, '2', 0, -1, 2),
(1728, 'Boar&prime;s Shield, tower  (lesser)', 'Scudo enorme', 'tower1', 1, 15, 5, 5, 5, 10, 1, -5, 0, 0, 1030, 8, 1, '4', 0, -1, 2),
(1729, 'Fox&prime;s Pugnale (lesser)', 'Una piccola lama', 'dagger1', 1, 8, 5, 5, 6, 1, 0, 0, 0, 0, 1002, 6, 1, '1d4', 2, 10, 1),
(1730, 'Fox&prime;s Martello (lesser)', 'Un attrezzo da fabbro', 'hammer1', 1, 8, 5, 5, 6, 1, 0, 0, 0, 0, 1000, 6, 1, '1d3', 1, 5, 1),
(1731, 'Fox&prime;s Piccone (lesser)', 'Utile per la miniera', 'picc1', 1, 9, 5, 5, 6, 1, 0, 0, 0, 0, 1004, 6, 1, '1d5', 5, 20, 1),
(1732, 'Fox&prime;s Spada corta (lesser)', 'Utile per difendersi', 'sSword1', 1, 10, 5, 5, 6, 3, 0, 0, 0, 0, 1010, 6, 1, '1d6', 3, 15, 1),
(1733, 'Fox&prime;s Mazza (lesser)', 'Per chi non ama le armi affilate', 'mace1', 1, 9, 5, 5, 6, 3, 0, 0, 0, 0, 1005, 6, 1, '1d5', 2, 10, 1),
(1734, 'Fox&prime;s Bastone (lesser)', 'Asta rinforzata', 'staff1', 1, 10, 5, 5, 6, 3, 0, 0, 0, 0, 1000, 6, 1, '1d6', 6, 7, 1),
(1735, 'Fox&prime;s Spada lunga (lesser)', 'Finalmente una vera arma', 'lSword1', 1, 11, 5, 5, 6, 5, 0, 0, 0, 0, 1015, 6, 1, '1d8', 7, 20, 1),
(1736, 'Fox&prime;s Ascia (lesser)', 'Non solo per fare legna', 'axe1', 1, 12, 5, 5, 6, 5, 0, 0, 0, 0, 1010, 6, 1, '1d7', 8, 25, 1),
(1737, 'Fox&prime;s Guanto Chiodato (lesser)', 'Un guanto di ferro', 'gaunt1', 1, 6, 5, 5, 6, 1, 0, 0, 0, 0, 1000, 6, 1, '1d4', 1, 10, 1),
(1738, 'Fox&prime;s Falcetto (lesser)', 'Usato nei campi', 'sick1', 1, 8, 5, 5, 6, 3, 0, 0, 0, 0, 1006, 6, 1, '1d6', 5, 10, 1),
(1739, 'Fox&prime;s Mezza Lancia (lesser)', 'Una lancia per i combattimenti ravvicinati', 'sLance1', 1, 11, 5, 5, 6, 3, 0, 0, 0, 0, 1002, 6, 1, '1d6', 3, 10, 1),
(1740, 'Fox&prime;s Morning Star (lesser)', 'Una palla di ferro con catena ', 'morning1', 1, 8, 5, 6, 6, 3, 0, 0, 0, 0, 1008, 6, 1, '1d6', 1, 15, 1),
(1741, 'Fox&prime;s Padded armour (lesser)', 'armatura leggera utile per muoversi velocemente tra i boschi', 'padded1', 1, 5, 5, 5, 6, 1, 0, 0, 0, 0, 1005, 6, 1, '1', 0, -1, 3),
(1742, 'Fox&prime;s Leather armour (lesser)', 'armatura di cuoio. il giusto compromesso per non penalizzare forza e destrezza', 'leather1', 1, 8, 5, 5, 6, 1, 0, -1, 0, 0, 1010, 6, 1, '2', 0, -1, 3),
(1743, 'Fox&prime;s Studded leather Armour (lesser)', 'Armatura di pelle borchiata. Utile per difendersi da creature piccole e veloci', 'sleather1', 1, 10, 5, 5, 6, 1, 0, -1, 0, 0, 1025, 6, 1, '3', 0, -1, 3),
(1744, 'Fox&prime;s Chain shirt armour (lesser)', 'maglia di ferro leggera', 'chain1', 1, -1, 5, 5, 6, 1, 0, -2, 0, 0, 1100, 6, 1, '4', 0, -1, 3),
(1745, 'Fox&prime;s Scale mail  (lesser)', 'Armatura a scaglie di ferro', 'scale1', 1, -1, 5, 5, 6, 5, 0, -2, 0, 0, 1050, 7, 1, '4', 0, -1, 3),
(1746, 'Fox&prime;s Chainmail Armour (lesser)', 'maglia di ferro pesante', 'chainmail1', 1, -1, 5, 5, 6, 5, 0, -3, 0, 0, 1150, 7, 1, '5', 0, -1, 3),
(1747, 'Fox&prime;s Breastplate  (lesser)', 'Armatura composta da un corpetto di piastre posizionate solo nella parte anteriore del corpo', 'breast1', 1, -1, 5, 5, 6, 5, 0, -2, 0, 0, 1200, 7, 1, '5', 0, -1, 3),
(1748, 'Fox&prime;s Splint mail  (lesser)', 'Armatura di maglie di ferro che copre tutto il corpo come una tunica', 'splint1', 1, -1, 5, 5, 6, 10, 0, -4, 0, 0, 1200, 8, 1, '6', 0, -1, 3),
(1749, 'Fox&prime;s Banded mail  (lesser)', 'Armatura a bande di ferro. Copre solo parte superiore del corpo', 'banded1', 1, -1, 5, 5, 6, 10, 0, -3, 0, 0, 1250, 8, 1, '6', 0, -1, 3),
(1750, 'Fox&prime;s Half-plate  (lesser)', 'Armatura di piaste', 'hplate1', 1, -1, 5, 5, 6, 10, 0, -4, 0, 0, 1600, 8, 1, '7', 0, -1, 3),
(1751, 'Fox&prime;s Full plate  (lesser)', 'Armatura di piastre completa', 'fplate1', 1, -1, 5, 5, 6, 10, 0, -3, 0, 0, 2000, 8, 1, '8', 0, -1, 3),
(1752, 'Fox&prime;s Buckler  (lesser)', 'Scudo piccolo di legno', 'buckler1', 1, 6, 5, 5, 6, 1, 0, -5, 0, 0, 1015, 6, 1, '1', 0, -1, 2),
(1753, 'Fox&prime;s Shield, light wooden  (lesser)', 'scudo medio di legno', 'lshieldw1', 1, 7, 5, 5, 6, 1, 0, -5, 0, 0, 1003, 6, 1, '1', 0, -1, 2),
(1754, 'Fox&prime;s Shield, light steel  (lesser)', 'scudo d''acciaio leggero', 'lshields1', 1, 8, 5, 5, 6, 1, 0, -5, 0, 0, 1009, 6, 1, '1', 0, -1, 2),
(1755, 'Fox&prime;s Shield, heavy wooden  (lesser)', 'Scudo pesante di legno', 'hshieldw1', 1, 9, 5, 5, 6, 5, 0, -1, 0, 0, 1007, 7, 1, '2', 0, -1, 2),
(1756, 'Fox&prime;s Shield, heavy steel  (lesser)', 'Scudo d''acciaio pesante', 'hshields1', 1, 10, 5, 5, 6, 5, 0, -1, 0, 0, 1020, 7, 1, '2', 0, -1, 2),
(1757, 'Fox&prime;s Shield, tower  (lesser)', 'Scudo enorme', 'tower1', 1, 15, 5, 5, 6, 10, 0, -5, 0, 0, 1030, 8, 1, '4', 0, -1, 2),
(1758, 'Owl&prime;s Pugnale (lesser)', 'Una piccola lama', 'dagger1', 1, 8, 5, 5, 5, 1, 0, 1, 0, 0, 1002, 6, 1, '1d4', 2, 10, 1),
(1759, 'Owl&prime;s Martello (lesser)', 'Un attrezzo da fabbro', 'hammer1', 1, 8, 5, 5, 5, 1, 0, 1, 0, 0, 1000, 6, 1, '1d3', 1, 5, 1),
(1760, 'Owl&prime;s Piccone (lesser)', 'Utile per la miniera', 'picc1', 1, 9, 5, 5, 5, 1, 0, 1, 0, 0, 1004, 6, 1, '1d5', 5, 20, 1),
(1761, 'Owl&prime;s Spada corta (lesser)', 'Utile per difendersi', 'sSword1', 1, 10, 5, 5, 5, 3, 0, 1, 0, 0, 1010, 6, 1, '1d6', 3, 15, 1),
(1762, 'Owl&prime;s Mazza (lesser)', 'Per chi non ama le armi affilate', 'mace1', 1, 9, 5, 5, 5, 3, 0, 1, 0, 0, 1005, 6, 1, '1d5', 2, 10, 1),
(1763, 'Owl&prime;s Bastone (lesser)', 'Asta rinforzata', 'staff1', 1, 10, 5, 5, 5, 3, 0, 1, 0, 0, 1000, 6, 1, '1d6', 6, 7, 1),
(1764, 'Owl&prime;s Spada lunga (lesser)', 'Finalmente una vera arma', 'lSword1', 1, 11, 5, 5, 5, 5, 0, 1, 0, 0, 1015, 6, 1, '1d8', 7, 20, 1),
(1765, 'Owl&prime;s Ascia (lesser)', 'Non solo per fare legna', 'axe1', 1, 12, 5, 5, 5, 5, 0, 1, 0, 0, 1010, 6, 1, '1d7', 8, 25, 1),
(1766, 'Owl&prime;s Guanto Chiodato (lesser)', 'Un guanto di ferro', 'gaunt1', 1, 6, 5, 5, 5, 1, 0, 1, 0, 0, 1000, 6, 1, '1d4', 1, 10, 1),
(1767, 'Owl&prime;s Falcetto (lesser)', 'Usato nei campi', 'sick1', 1, 8, 5, 5, 5, 3, 0, 1, 0, 0, 1006, 6, 1, '1d6', 5, 10, 1),
(1768, 'Owl&prime;s Mezza Lancia (lesser)', 'Una lancia per i combattimenti ravvicinati', 'sLance1', 1, 11, 5, 5, 5, 3, 0, 1, 0, 0, 1002, 6, 1, '1d6', 3, 10, 1),
(1769, 'Owl&prime;s Morning Star (lesser)', 'Una palla di ferro con catena ', 'morning1', 1, 8, 5, 6, 5, 3, 0, 1, 0, 0, 1008, 6, 1, '1d6', 1, 15, 1),
(1770, 'Owl&prime;s Padded armour (lesser)', 'armatura leggera utile per muoversi velocemente tra i boschi', 'padded1', 1, 5, 5, 5, 5, 1, 0, 1, 0, 0, 1005, 6, 1, '1', 0, -1, 3),
(1771, 'Owl&prime;s Leather armour (lesser)', 'armatura di cuoio. il giusto compromesso per non penalizzare forza e destrezza', 'leather1', 1, 8, 5, 5, 5, 1, 0, 0, 0, 0, 1010, 6, 1, '2', 0, -1, 3),
(1772, 'Owl&prime;s Studded leather Armour (lesser)', 'Armatura di pelle borchiata. Utile per difendersi da creature piccole e veloci', 'sleather1', 1, 10, 5, 5, 5, 1, 0, 0, 0, 0, 1025, 6, 1, '3', 0, -1, 3),
(1773, 'Owl&prime;s Chain shirt armour (lesser)', 'maglia di ferro leggera', 'chain1', 1, -1, 5, 5, 5, 1, 0, -1, 0, 0, 1100, 6, 1, '4', 0, -1, 3),
(1774, 'Owl&prime;s Scale mail  (lesser)', 'Armatura a scaglie di ferro', 'scale1', 1, -1, 5, 5, 5, 5, 0, -1, 0, 0, 1050, 7, 1, '4', 0, -1, 3),
(1775, 'Owl&prime;s Chainmail Armour (lesser)', 'maglia di ferro pesante', 'chainmail1', 1, -1, 5, 5, 5, 5, 0, -2, 0, 0, 1150, 7, 1, '5', 0, -1, 3),
(1776, 'Owl&prime;s Breastplate  (lesser)', 'Armatura composta da un corpetto di piastre posizionate solo nella parte anteriore del corpo', 'breast1', 1, -1, 5, 5, 5, 5, 0, -1, 0, 0, 1200, 7, 1, '5', 0, -1, 3),
(1777, 'Owl&prime;s Splint mail  (lesser)', 'Armatura di maglie di ferro che copre tutto il corpo come una tunica', 'splint1', 1, -1, 5, 5, 5, 10, 0, -3, 0, 0, 1200, 8, 1, '6', 0, -1, 3),
(1778, 'Owl&prime;s Banded mail  (lesser)', 'Armatura a bande di ferro. Copre solo parte superiore del corpo', 'banded1', 1, -1, 5, 5, 5, 10, 0, -2, 0, 0, 1250, 8, 1, '6', 0, -1, 3),
(1779, 'Owl&prime;s Half-plate  (lesser)', 'Armatura di piaste', 'hplate1', 1, -1, 5, 5, 5, 10, 0, -3, 0, 0, 1600, 8, 1, '7', 0, -1, 3),
(1780, 'Owl&prime;s Full plate  (lesser)', 'Armatura di piastre completa', 'fplate1', 1, -1, 5, 5, 5, 10, 0, -2, 0, 0, 2000, 8, 1, '8', 0, -1, 3),
(1781, 'Owl&prime;s Buckler  (lesser)', 'Scudo piccolo di legno', 'buckler1', 1, 6, 5, 5, 5, 1, 0, -4, 0, 0, 1015, 6, 1, '1', 0, -1, 2),
(1782, 'Owl&prime;s Shield, light wooden  (lesser)', 'scudo medio di legno', 'lshieldw1', 1, 7, 5, 5, 5, 1, 0, -4, 0, 0, 1003, 6, 1, '1', 0, -1, 2),
(1783, 'Owl&prime;s Shield, light steel  (lesser)', 'scudo d''acciaio leggero', 'lshields1', 1, 8, 5, 5, 5, 1, 0, -4, 0, 0, 1009, 6, 1, '1', 0, -1, 2),
(1784, 'Owl&prime;s Shield, heavy wooden  (lesser)', 'Scudo pesante di legno', 'hshieldw1', 1, 9, 5, 5, 5, 5, 0, 0, 0, 0, 1007, 7, 1, '2', 0, -1, 2),
(1785, 'Owl&prime;s Shield, heavy steel  (lesser)', 'Scudo d''acciaio pesante', 'hshields1', 1, 10, 5, 5, 5, 5, 0, 0, 0, 0, 1020, 7, 1, '2', 0, -1, 2),
(1786, 'Owl&prime;s Shield, tower  (lesser)', 'Scudo enorme', 'tower1', 1, 15, 5, 5, 5, 10, 0, -4, 0, 0, 1030, 8, 1, '4', 0, -1, 2),
(1787, 'Cat&prime;s Pugnale (minor)', 'Una piccola lama', 'dagger1', 1, 8, 5, 5, 5, 1, 0, 0, 2, 0, 2002, 11, 1, '1d4', 2, 10, 1),
(1788, 'Cat&prime;s Martello (minor)', 'Un attrezzo da fabbro', 'hammer1', 1, 8, 5, 5, 5, 1, 0, 0, 2, 0, 2000, 11, 1, '1d3', 1, 5, 1),
(1789, 'Cat&prime;s Piccone (minor)', 'Utile per la miniera', 'picc1', 1, 9, 5, 5, 5, 1, 0, 0, 2, 0, 2004, 11, 1, '1d5', 5, 20, 1),
(1790, 'Cat&prime;s Spada corta (minor)', 'Utile per difendersi', 'sSword1', 1, 10, 5, 5, 5, 3, 0, 0, 2, 0, 2010, 11, 1, '1d6', 3, 15, 1),
(1791, 'Cat&prime;s Mazza (minor)', 'Per chi non ama le armi affilate', 'mace1', 1, 9, 5, 5, 5, 3, 0, 0, 2, 0, 2005, 11, 1, '1d5', 2, 10, 1),
(1792, 'Cat&prime;s Bastone (minor)', 'Asta rinforzata', 'staff1', 1, 10, 5, 5, 5, 3, 0, 0, 2, 0, 2000, 11, 1, '1d6', 6, 7, 1),
(1793, 'Cat&prime;s Spada lunga (minor)', 'Finalmente una vera arma', 'lSword1', 1, 11, 5, 5, 5, 5, 0, 0, 2, 0, 2015, 11, 1, '1d8', 7, 20, 1),
(1794, 'Cat&prime;s Ascia (minor)', 'Non solo per fare legna', 'axe1', 1, 12, 5, 5, 5, 5, 0, 0, 2, 0, 2010, 11, 1, '1d7', 8, 25, 1),
(1795, 'Cat&prime;s Guanto Chiodato (minor)', 'Un guanto di ferro', 'gaunt1', 1, 6, 5, 5, 5, 1, 0, 0, 2, 0, 2000, 11, 1, '1d4', 1, 10, 1),
(1796, 'Cat&prime;s Falcetto (minor)', 'Usato nei campi', 'sick1', 1, 8, 5, 5, 5, 3, 0, 0, 2, 0, 2006, 11, 1, '1d6', 5, 10, 1),
(1797, 'Cat&prime;s Mezza Lancia (minor)', 'Una lancia per i combattimenti ravvicinati', 'sLance1', 1, 11, 5, 5, 5, 3, 0, 0, 2, 0, 2002, 11, 1, '1d6', 3, 10, 1),
(1798, 'Cat&prime;s Morning Star (minor)', 'Una palla di ferro con catena ', 'morning1', 1, 8, 5, 6, 5, 3, 0, 0, 2, 0, 2008, 11, 1, '1d6', 1, 15, 1),
(1799, 'Cat&prime;s Padded armour (minor)', 'armatura leggera utile per muoversi velocemente tra i boschi', 'padded1', 1, 5, 5, 5, 5, 1, 0, 0, 2, 0, 2005, 11, 1, '1', 0, -1, 3),
(1800, 'Cat&prime;s Leather armour (minor)', 'armatura di cuoio. il giusto compromesso per non penalizzare forza e destrezza', 'leather1', 1, 8, 5, 5, 5, 1, 0, -1, 2, 0, 2010, 11, 1, '2', 0, -1, 3),
(1801, 'Cat&prime;s Studded leather Armour (minor)', 'Armatura di pelle borchiata. Utile per difendersi da creature piccole e veloci', 'sleather1', 1, 10, 5, 5, 5, 1, 0, -1, 2, 0, 2025, 11, 1, '3', 0, -1, 3),
(1802, 'Cat&prime;s Chain shirt armour (minor)', 'maglia di ferro leggera', 'chain1', 1, -1, 5, 5, 5, 1, 0, -2, 2, 0, 2100, 11, 1, '4', 0, -1, 3),
(1803, 'Cat&prime;s Scale mail  (minor)', 'Armatura a scaglie di ferro', 'scale1', 1, -1, 5, 5, 5, 5, 0, -2, 2, 0, 2050, 12, 1, '4', 0, -1, 3),
(1804, 'Cat&prime;s Chainmail Armour (minor)', 'maglia di ferro pesante', 'chainmail1', 1, -1, 5, 5, 5, 5, 0, -3, 2, 0, 2150, 12, 1, '5', 0, -1, 3),
(1805, 'Cat&prime;s Breastplate  (minor)', 'Armatura composta da un corpetto di piastre posizionate solo nella parte anteriore del corpo', 'breast1', 1, -1, 5, 5, 5, 5, 0, -2, 2, 0, 2200, 12, 1, '5', 0, -1, 3),
(1806, 'Cat&prime;s Splint mail  (minor)', 'Armatura di maglie di ferro che copre tutto il corpo come una tunica', 'splint1', 1, -1, 5, 5, 5, 10, 0, -4, 2, 0, 2200, 13, 1, '6', 0, -1, 3),
(1807, 'Cat&prime;s Banded mail  (minor)', 'Armatura a bande di ferro. Copre solo parte superiore del corpo', 'banded1', 1, -1, 5, 5, 5, 10, 0, -3, 2, 0, 2250, 13, 1, '6', 0, -1, 3),
(1808, 'Cat&prime;s Half-plate  (minor)', 'Armatura di piaste', 'hplate1', 1, -1, 5, 5, 5, 10, 0, -4, 2, 0, 2600, 13, 1, '7', 0, -1, 3),
(1809, 'Cat&prime;s Full plate  (minor)', 'Armatura di piastre completa', 'fplate1', 1, -1, 5, 5, 5, 10, 0, -3, 2, 0, 3000, 13, 1, '8', 0, -1, 3),
(1810, 'Cat&prime;s Buckler  (minor)', 'Scudo piccolo di legno', 'buckler1', 1, 6, 5, 5, 5, 1, 0, -5, 2, 0, 2015, 11, 1, '1', 0, -1, 2),
(1811, 'Cat&prime;s Shield, light wooden  (minor)', 'scudo medio di legno', 'lshieldw1', 1, 7, 5, 5, 5, 1, 0, -5, 2, 0, 2003, 11, 1, '1', 0, -1, 2),
(1812, 'Cat&prime;s Shield, light steel  (minor)', 'scudo d''acciaio leggero', 'lshields1', 1, 8, 5, 5, 5, 1, 0, -5, 2, 0, 2009, 11, 1, '1', 0, -1, 2),
(1813, 'Cat&prime;s Shield, heavy wooden  (minor)', 'Scudo pesante di legno', 'hshieldw1', 1, 9, 5, 5, 5, 5, 0, -1, 2, 0, 2007, 12, 1, '2', 0, -1, 2),
(1814, 'Cat&prime;s Shield, heavy steel  (minor)', 'Scudo d''acciaio pesante', 'hshields1', 1, 10, 5, 5, 5, 5, 0, -1, 2, 0, 2020, 12, 1, '2', 0, -1, 2),
(1815, 'Cat&prime;s Shield, tower  (minor)', 'Scudo enorme', 'tower1', 1, 15, 5, 5, 5, 10, 0, -5, 2, 0, 2030, 13, 1, '4', 0, -1, 2),
(1816, 'Boar&prime;s Pugnale (minor)', 'Una piccola lama', 'dagger1', 1, 8, 5, 5, 5, 1, 2, 0, 0, 0, 2002, 11, 1, '1d4', 2, 10, 1),
(1817, 'Boar&prime;s Martello (minor)', 'Un attrezzo da fabbro', 'hammer1', 1, 8, 5, 5, 5, 1, 2, 0, 0, 0, 2000, 11, 1, '1d3', 1, 5, 1),
(1818, 'Boar&prime;s Piccone (minor)', 'Utile per la miniera', 'picc1', 1, 9, 5, 5, 5, 1, 2, 0, 0, 0, 2004, 11, 1, '1d5', 5, 20, 1),
(1819, 'Boar&prime;s Spada corta (minor)', 'Utile per difendersi', 'sSword1', 1, 10, 5, 5, 5, 3, 2, 0, 0, 0, 2010, 11, 1, '1d6', 3, 15, 1),
(1820, 'Boar&prime;s Mazza (minor)', 'Per chi non ama le armi affilate', 'mace1', 1, 9, 5, 5, 5, 3, 2, 0, 0, 0, 2005, 11, 1, '1d5', 2, 10, 1),
(1821, 'Boar&prime;s Bastone (minor)', 'Asta rinforzata', 'staff1', 1, 10, 5, 5, 5, 3, 2, 0, 0, 0, 2000, 11, 1, '1d6', 6, 7, 1),
(1822, 'Boar&prime;s Spada lunga (minor)', 'Finalmente una vera arma', 'lSword1', 1, 11, 5, 5, 5, 5, 2, 0, 0, 0, 2015, 11, 1, '1d8', 7, 20, 1),
(1823, 'Boar&prime;s Ascia (minor)', 'Non solo per fare legna', 'axe1', 1, 12, 5, 5, 5, 5, 2, 0, 0, 0, 2010, 11, 1, '1d7', 8, 25, 1),
(1824, 'Boar&prime;s Guanto Chiodato (minor)', 'Un guanto di ferro', 'gaunt1', 1, 6, 5, 5, 5, 1, 2, 0, 0, 0, 2000, 11, 1, '1d4', 1, 10, 1),
(1825, 'Boar&prime;s Falcetto (minor)', 'Usato nei campi', 'sick1', 1, 8, 5, 5, 5, 3, 2, 0, 0, 0, 2006, 11, 1, '1d6', 5, 10, 1),
(1826, 'Boar&prime;s Mezza Lancia (minor)', 'Una lancia per i combattimenti ravvicinati', 'sLance1', 1, 11, 5, 5, 5, 3, 2, 0, 0, 0, 2002, 11, 1, '1d6', 3, 10, 1),
(1827, 'Boar&prime;s Morning Star (minor)', 'Una palla di ferro con catena ', 'morning1', 1, 8, 5, 6, 5, 3, 2, 0, 0, 0, 2008, 11, 1, '1d6', 1, 15, 1),
(1828, 'Boar&prime;s Padded armour (minor)', 'armatura leggera utile per muoversi velocemente tra i boschi', 'padded1', 1, 5, 5, 5, 5, 1, 2, 0, 0, 0, 2005, 11, 1, '1', 0, -1, 3),
(1829, 'Boar&prime;s Leather armour (minor)', 'armatura di cuoio. il giusto compromesso per non penalizzare forza e destrezza', 'leather1', 1, 8, 5, 5, 5, 1, 2, -1, 0, 0, 2010, 11, 1, '2', 0, -1, 3),
(1830, 'Boar&prime;s Studded leather Armour (minor)', 'Armatura di pelle borchiata. Utile per difendersi da creature piccole e veloci', 'sleather1', 1, 10, 5, 5, 5, 1, 2, -1, 0, 0, 2025, 11, 1, '3', 0, -1, 3),
(1831, 'Boar&prime;s Chain shirt armour (minor)', 'maglia di ferro leggera', 'chain1', 1, -1, 5, 5, 5, 1, 2, -2, 0, 0, 2100, 11, 1, '4', 0, -1, 3),
(1832, 'Boar&prime;s Scale mail  (minor)', 'Armatura a scaglie di ferro', 'scale1', 1, -1, 5, 5, 5, 5, 2, -2, 0, 0, 2050, 12, 1, '4', 0, -1, 3),
(1833, 'Boar&prime;s Chainmail Armour (minor)', 'maglia di ferro pesante', 'chainmail1', 1, -1, 5, 5, 5, 5, 2, -3, 0, 0, 2150, 12, 1, '5', 0, -1, 3),
(1834, 'Boar&prime;s Breastplate  (minor)', 'Armatura composta da un corpetto di piastre posizionate solo nella parte anteriore del corpo', 'breast1', 1, -1, 5, 5, 5, 5, 2, -2, 0, 0, 2200, 12, 1, '5', 0, -1, 3),
(1835, 'Boar&prime;s Splint mail  (minor)', 'Armatura di maglie di ferro che copre tutto il corpo come una tunica', 'splint1', 1, -1, 5, 5, 5, 10, 2, -4, 0, 0, 2200, 13, 1, '6', 0, -1, 3),
(1836, 'Boar&prime;s Banded mail  (minor)', 'Armatura a bande di ferro. Copre solo parte superiore del corpo', 'banded1', 1, -1, 5, 5, 5, 10, 2, -3, 0, 0, 2250, 13, 1, '6', 0, -1, 3),
(1837, 'Boar&prime;s Half-plate  (minor)', 'Armatura di piaste', 'hplate1', 1, -1, 5, 5, 5, 10, 2, -4, 0, 0, 2600, 13, 1, '7', 0, -1, 3),
(1838, 'Boar&prime;s Full plate  (minor)', 'Armatura di piastre completa', 'fplate1', 1, -1, 5, 5, 5, 10, 2, -3, 0, 0, 3000, 13, 1, '8', 0, -1, 3),
(1839, 'Boar&prime;s Buckler  (minor)', 'Scudo piccolo di legno', 'buckler1', 1, 6, 5, 5, 5, 1, 2, -5, 0, 0, 2015, 11, 1, '1', 0, -1, 2),
(1840, 'Boar&prime;s Shield, light wooden  (minor)', 'scudo medio di legno', 'lshieldw1', 1, 7, 5, 5, 5, 1, 2, -5, 0, 0, 2003, 11, 1, '1', 0, -1, 2),
(1841, 'Boar&prime;s Shield, light steel  (minor)', 'scudo d''acciaio leggero', 'lshields1', 1, 8, 5, 5, 5, 1, 2, -5, 0, 0, 2009, 11, 1, '1', 0, -1, 2),
(1842, 'Boar&prime;s Shield, heavy wooden  (minor)', 'Scudo pesante di legno', 'hshieldw1', 1, 9, 5, 5, 5, 5, 2, -1, 0, 0, 2007, 12, 1, '2', 0, -1, 2),
(1843, 'Boar&prime;s Shield, heavy steel  (minor)', 'Scudo d''acciaio pesante', 'hshields1', 1, 10, 5, 5, 5, 5, 2, -1, 0, 0, 2020, 12, 1, '2', 0, -1, 2),
(1844, 'Boar&prime;s Shield, tower  (minor)', 'Scudo enorme', 'tower1', 1, 15, 5, 5, 5, 10, 2, -5, 0, 0, 2030, 13, 1, '4', 0, -1, 2),
(1845, 'Fox&prime;s Pugnale (minor)', 'Una piccola lama', 'dagger1', 1, 8, 5, 5, 7, 1, 0, 0, 0, 0, 2002, 11, 1, '1d4', 2, 10, 1),
(1846, 'Fox&prime;s Martello (minor)', 'Un attrezzo da fabbro', 'hammer1', 1, 8, 5, 5, 7, 1, 0, 0, 0, 0, 2000, 11, 1, '1d3', 1, 5, 1),
(1847, 'Fox&prime;s Piccone (minor)', 'Utile per la miniera', 'picc1', 1, 9, 5, 5, 7, 1, 0, 0, 0, 0, 2004, 11, 1, '1d5', 5, 20, 1),
(1848, 'Fox&prime;s Spada corta (minor)', 'Utile per difendersi', 'sSword1', 1, 10, 5, 5, 7, 3, 0, 0, 0, 0, 2010, 11, 1, '1d6', 3, 15, 1),
(1849, 'Fox&prime;s Mazza (minor)', 'Per chi non ama le armi affilate', 'mace1', 1, 9, 5, 5, 7, 3, 0, 0, 0, 0, 2005, 11, 1, '1d5', 2, 10, 1),
(1850, 'Fox&prime;s Bastone (minor)', 'Asta rinforzata', 'staff1', 1, 10, 5, 5, 7, 3, 0, 0, 0, 0, 2000, 11, 1, '1d6', 6, 7, 1),
(1851, 'Fox&prime;s Spada lunga (minor)', 'Finalmente una vera arma', 'lSword1', 1, 11, 5, 5, 7, 5, 0, 0, 0, 0, 2015, 11, 1, '1d8', 7, 20, 1),
(1852, 'Fox&prime;s Ascia (minor)', 'Non solo per fare legna', 'axe1', 1, 12, 5, 5, 7, 5, 0, 0, 0, 0, 2010, 11, 1, '1d7', 8, 25, 1),
(1853, 'Fox&prime;s Guanto Chiodato (minor)', 'Un guanto di ferro', 'gaunt1', 1, 6, 5, 5, 7, 1, 0, 0, 0, 0, 2000, 11, 1, '1d4', 1, 10, 1),
(1854, 'Fox&prime;s Falcetto (minor)', 'Usato nei campi', 'sick1', 1, 8, 5, 5, 7, 3, 0, 0, 0, 0, 2006, 11, 1, '1d6', 5, 10, 1),
(1855, 'Fox&prime;s Mezza Lancia (minor)', 'Una lancia per i combattimenti ravvicinati', 'sLance1', 1, 11, 5, 5, 7, 3, 0, 0, 0, 0, 2002, 11, 1, '1d6', 3, 10, 1),
(1856, 'Fox&prime;s Morning Star (minor)', 'Una palla di ferro con catena ', 'morning1', 1, 8, 5, 6, 7, 3, 0, 0, 0, 0, 2008, 11, 1, '1d6', 1, 15, 1),
(1857, 'Fox&prime;s Padded armour (minor)', 'armatura leggera utile per muoversi velocemente tra i boschi', 'padded1', 1, 5, 5, 5, 7, 1, 0, 0, 0, 0, 2005, 11, 1, '1', 0, -1, 3),
(1858, 'Fox&prime;s Leather armour (minor)', 'armatura di cuoio. il giusto compromesso per non penalizzare forza e destrezza', 'leather1', 1, 8, 5, 5, 7, 1, 0, -1, 0, 0, 2010, 11, 1, '2', 0, -1, 3),
(1859, 'Fox&prime;s Studded leather Armour (minor)', 'Armatura di pelle borchiata. Utile per difendersi da creature piccole e veloci', 'sleather1', 1, 10, 5, 5, 7, 1, 0, -1, 0, 0, 2025, 11, 1, '3', 0, -1, 3),
(1860, 'Fox&prime;s Chain shirt armour (minor)', 'maglia di ferro leggera', 'chain1', 1, -1, 5, 5, 7, 1, 0, -2, 0, 0, 2100, 11, 1, '4', 0, -1, 3),
(1861, 'Fox&prime;s Scale mail  (minor)', 'Armatura a scaglie di ferro', 'scale1', 1, -1, 5, 5, 7, 5, 0, -2, 0, 0, 2050, 12, 1, '4', 0, -1, 3),
(1862, 'Fox&prime;s Chainmail Armour (minor)', 'maglia di ferro pesante', 'chainmail1', 1, -1, 5, 5, 7, 5, 0, -3, 0, 0, 2150, 12, 1, '5', 0, -1, 3),
(1863, 'Fox&prime;s Breastplate  (minor)', 'Armatura composta da un corpetto di piastre posizionate solo nella parte anteriore del corpo', 'breast1', 1, -1, 5, 5, 7, 5, 0, -2, 0, 0, 2200, 12, 1, '5', 0, -1, 3),
(1864, 'Fox&prime;s Splint mail  (minor)', 'Armatura di maglie di ferro che copre tutto il corpo come una tunica', 'splint1', 1, -1, 5, 5, 7, 10, 0, -4, 0, 0, 2200, 13, 1, '6', 0, -1, 3),
(1865, 'Fox&prime;s Banded mail  (minor)', 'Armatura a bande di ferro. Copre solo parte superiore del corpo', 'banded1', 1, -1, 5, 5, 7, 10, 0, -3, 0, 0, 2250, 13, 1, '6', 0, -1, 3),
(1866, 'Fox&prime;s Half-plate  (minor)', 'Armatura di piaste', 'hplate1', 1, -1, 5, 5, 7, 10, 0, -4, 0, 0, 2600, 13, 1, '7', 0, -1, 3),
(1867, 'Fox&prime;s Full plate  (minor)', 'Armatura di piastre completa', 'fplate1', 1, -1, 5, 5, 7, 10, 0, -3, 0, 0, 3000, 13, 1, '8', 0, -1, 3),
(1868, 'Fox&prime;s Buckler  (minor)', 'Scudo piccolo di legno', 'buckler1', 1, 6, 5, 5, 7, 1, 0, -5, 0, 0, 2015, 11, 1, '1', 0, -1, 2),
(1869, 'Fox&prime;s Shield, light wooden  (minor)', 'scudo medio di legno', 'lshieldw1', 1, 7, 5, 5, 7, 1, 0, -5, 0, 0, 2003, 11, 1, '1', 0, -1, 2),
(1870, 'Fox&prime;s Shield, light steel  (minor)', 'scudo d''acciaio leggero', 'lshields1', 1, 8, 5, 5, 7, 1, 0, -5, 0, 0, 2009, 11, 1, '1', 0, -1, 2),
(1871, 'Fox&prime;s Shield, heavy wooden  (minor)', 'Scudo pesante di legno', 'hshieldw1', 1, 9, 5, 5, 7, 5, 0, -1, 0, 0, 2007, 12, 1, '2', 0, -1, 2),
(1872, 'Fox&prime;s Shield, heavy steel  (minor)', 'Scudo d''acciaio pesante', 'hshields1', 1, 10, 5, 5, 7, 5, 0, -1, 0, 0, 2020, 12, 1, '2', 0, -1, 2),
(1873, 'Fox&prime;s Shield, tower  (minor)', 'Scudo enorme', 'tower1', 1, 15, 5, 5, 7, 10, 0, -5, 0, 0, 2030, 13, 1, '4', 0, -1, 2),
(1874, 'Owl&prime;s Pugnale (minor)', 'Una piccola lama', 'dagger1', 1, 8, 5, 5, 5, 1, 0, 2, 0, 0, 2002, 11, 1, '1d4', 2, 10, 1),
(1875, 'Owl&prime;s Martello (minor)', 'Un attrezzo da fabbro', 'hammer1', 1, 8, 5, 5, 5, 1, 0, 2, 0, 0, 2000, 11, 1, '1d3', 1, 5, 1),
(1876, 'Owl&prime;s Piccone (minor)', 'Utile per la miniera', 'picc1', 1, 9, 5, 5, 5, 1, 0, 2, 0, 0, 2004, 11, 1, '1d5', 5, 20, 1),
(1877, 'Owl&prime;s Spada corta (minor)', 'Utile per difendersi', 'sSword1', 1, 10, 5, 5, 5, 3, 0, 2, 0, 0, 2010, 11, 1, '1d6', 3, 15, 1),
(1878, 'Owl&prime;s Mazza (minor)', 'Per chi non ama le armi affilate', 'mace1', 1, 9, 5, 5, 5, 3, 0, 2, 0, 0, 2005, 11, 1, '1d5', 2, 10, 1),
(1879, 'Owl&prime;s Bastone (minor)', 'Asta rinforzata', 'staff1', 1, 10, 5, 5, 5, 3, 0, 2, 0, 0, 2000, 11, 1, '1d6', 6, 7, 1),
(1880, 'Owl&prime;s Spada lunga (minor)', 'Finalmente una vera arma', 'lSword1', 1, 11, 5, 5, 5, 5, 0, 2, 0, 0, 2015, 11, 1, '1d8', 7, 20, 1),
(1881, 'Owl&prime;s Ascia (minor)', 'Non solo per fare legna', 'axe1', 1, 12, 5, 5, 5, 5, 0, 2, 0, 0, 2010, 11, 1, '1d7', 8, 25, 1),
(1882, 'Owl&prime;s Guanto Chiodato (minor)', 'Un guanto di ferro', 'gaunt1', 1, 6, 5, 5, 5, 1, 0, 2, 0, 0, 2000, 11, 1, '1d4', 1, 10, 1),
(1883, 'Owl&prime;s Falcetto (minor)', 'Usato nei campi', 'sick1', 1, 8, 5, 5, 5, 3, 0, 2, 0, 0, 2006, 11, 1, '1d6', 5, 10, 1),
(1884, 'Owl&prime;s Mezza Lancia (minor)', 'Una lancia per i combattimenti ravvicinati', 'sLance1', 1, 11, 5, 5, 5, 3, 0, 2, 0, 0, 2002, 11, 1, '1d6', 3, 10, 1),
(1885, 'Owl&prime;s Morning Star (minor)', 'Una palla di ferro con catena ', 'morning1', 1, 8, 5, 6, 5, 3, 0, 2, 0, 0, 2008, 11, 1, '1d6', 1, 15, 1),
(1886, 'Owl&prime;s Padded armour (minor)', 'armatura leggera utile per muoversi velocemente tra i boschi', 'padded1', 1, 5, 5, 5, 5, 1, 0, 2, 0, 0, 2005, 11, 1, '1', 0, -1, 3),
(1887, 'Owl&prime;s Leather armour (minor)', 'armatura di cuoio. il giusto compromesso per non penalizzare forza e destrezza', 'leather1', 1, 8, 5, 5, 5, 1, 0, 1, 0, 0, 2010, 11, 1, '2', 0, -1, 3),
(1888, 'Owl&prime;s Studded leather Armour (minor)', 'Armatura di pelle borchiata. Utile per difendersi da creature piccole e veloci', 'sleather1', 1, 10, 5, 5, 5, 1, 0, 1, 0, 0, 2025, 11, 1, '3', 0, -1, 3),
(1889, 'Owl&prime;s Chain shirt armour (minor)', 'maglia di ferro leggera', 'chain1', 1, -1, 5, 5, 5, 1, 0, 0, 0, 0, 2100, 11, 1, '4', 0, -1, 3),
(1890, 'Owl&prime;s Scale mail  (minor)', 'Armatura a scaglie di ferro', 'scale1', 1, -1, 5, 5, 5, 5, 0, 0, 0, 0, 2050, 12, 1, '4', 0, -1, 3),
(1891, 'Owl&prime;s Chainmail Armour (minor)', 'maglia di ferro pesante', 'chainmail1', 1, -1, 5, 5, 5, 5, 0, -1, 0, 0, 2150, 12, 1, '5', 0, -1, 3),
(1892, 'Owl&prime;s Breastplate  (minor)', 'Armatura composta da un corpetto di piastre posizionate solo nella parte anteriore del corpo', 'breast1', 1, -1, 5, 5, 5, 5, 0, 0, 0, 0, 2200, 12, 1, '5', 0, -1, 3),
(1893, 'Owl&prime;s Splint mail  (minor)', 'Armatura di maglie di ferro che copre tutto il corpo come una tunica', 'splint1', 1, -1, 5, 5, 5, 10, 0, -2, 0, 0, 2200, 13, 1, '6', 0, -1, 3),
(1894, 'Owl&prime;s Banded mail  (minor)', 'Armatura a bande di ferro. Copre solo parte superiore del corpo', 'banded1', 1, -1, 5, 5, 5, 10, 0, -1, 0, 0, 2250, 13, 1, '6', 0, -1, 3),
(1895, 'Owl&prime;s Half-plate  (minor)', 'Armatura di piaste', 'hplate1', 1, -1, 5, 5, 5, 10, 0, -2, 0, 0, 2600, 13, 1, '7', 0, -1, 3),
(1896, 'Owl&prime;s Full plate  (minor)', 'Armatura di piastre completa', 'fplate1', 1, -1, 5, 5, 5, 10, 0, -1, 0, 0, 3000, 13, 1, '8', 0, -1, 3),
(1897, 'Owl&prime;s Buckler  (minor)', 'Scudo piccolo di legno', 'buckler1', 1, 6, 5, 5, 5, 1, 0, -3, 0, 0, 2015, 11, 1, '1', 0, -1, 2),
(1898, 'Owl&prime;s Shield, light wooden  (minor)', 'scudo medio di legno', 'lshieldw1', 1, 7, 5, 5, 5, 1, 0, -3, 0, 0, 2003, 11, 1, '1', 0, -1, 2),
(1899, 'Owl&prime;s Shield, light steel  (minor)', 'scudo d''acciaio leggero', 'lshields1', 1, 8, 5, 5, 5, 1, 0, -3, 0, 0, 2009, 11, 1, '1', 0, -1, 2),
(1900, 'Owl&prime;s Shield, heavy wooden  (minor)', 'Scudo pesante di legno', 'hshieldw1', 1, 9, 5, 5, 5, 5, 0, 1, 0, 0, 2007, 12, 1, '2', 0, -1, 2),
(1901, 'Owl&prime;s Shield, heavy steel  (minor)', 'Scudo d''acciaio pesante', 'hshields1', 1, 10, 5, 5, 5, 5, 0, 1, 0, 0, 2020, 12, 1, '2', 0, -1, 2),
(1902, 'Owl&prime;s Shield, tower  (minor)', 'Scudo enorme', 'tower1', 1, 15, 5, 5, 5, 10, 0, -3, 0, 0, 2030, 13, 1, '4', 0, -1, 2),
(1903, 'Cat&prime;s Pugnale', 'Una piccola lama', 'dagger1', 1, 8, 5, 5, 5, 1, 0, 0, 3, 0, 3002, 16, 1, '1d4', 2, 10, 1),
(1904, 'Cat&prime;s Martello', 'Un attrezzo da fabbro', 'hammer1', 1, 8, 5, 5, 5, 1, 0, 0, 3, 0, 3000, 16, 1, '1d3', 1, 5, 1),
(1905, 'Cat&prime;s Piccone', 'Utile per la miniera', 'picc1', 1, 9, 5, 5, 5, 1, 0, 0, 3, 0, 3004, 16, 1, '1d5', 5, 20, 1),
(1906, 'Cat&prime;s Spada corta', 'Utile per difendersi', 'sSword1', 1, 10, 5, 5, 5, 3, 0, 0, 3, 0, 3010, 16, 1, '1d6', 3, 15, 1),
(1907, 'Cat&prime;s Mazza', 'Per chi non ama le armi affilate', 'mace1', 1, 9, 5, 5, 5, 3, 0, 0, 3, 0, 3005, 16, 1, '1d5', 2, 10, 1),
(1908, 'Cat&prime;s Bastone', 'Asta rinforzata', 'staff1', 1, 10, 5, 5, 5, 3, 0, 0, 3, 0, 3000, 16, 1, '1d6', 6, 7, 1),
(1909, 'Cat&prime;s Spada lunga', 'Finalmente una vera arma', 'lSword1', 1, 11, 5, 5, 5, 5, 0, 0, 3, 0, 3015, 16, 1, '1d8', 7, 20, 1),
(1910, 'Cat&prime;s Ascia', 'Non solo per fare legna', 'axe1', 1, 12, 5, 5, 5, 5, 0, 0, 3, 0, 3010, 16, 1, '1d7', 8, 25, 1),
(1911, 'Cat&prime;s Guanto Chiodato', 'Un guanto di ferro', 'gaunt1', 1, 6, 5, 5, 5, 1, 0, 0, 3, 0, 3000, 16, 1, '1d4', 1, 10, 1),
(1912, 'Cat&prime;s Falcetto', 'Usato nei campi', 'sick1', 1, 8, 5, 5, 5, 3, 0, 0, 3, 0, 3006, 16, 1, '1d6', 5, 10, 1),
(1913, 'Cat&prime;s Mezza Lancia', 'Una lancia per i combattimenti ravvicinati', 'sLance1', 1, 11, 5, 5, 5, 3, 0, 0, 3, 0, 3002, 16, 1, '1d6', 3, 10, 1),
(1914, 'Cat&prime;s Morning Star', 'Una palla di ferro con catena ', 'morning1', 1, 8, 5, 6, 5, 3, 0, 0, 3, 0, 3008, 16, 1, '1d6', 1, 15, 1),
(1915, 'Cat&prime;s Padded armour', 'armatura leggera utile per muoversi velocemente tra i boschi', 'padded1', 1, 5, 5, 5, 5, 1, 0, 0, 3, 0, 3005, 16, 1, '1', 0, -1, 3),
(1916, 'Cat&prime;s Leather armour', 'armatura di cuoio. il giusto compromesso per non penalizzare forza e destrezza', 'leather1', 1, 8, 5, 5, 5, 1, 0, -1, 3, 0, 3010, 16, 1, '2', 0, -1, 3),
(1917, 'Cat&prime;s Studded leather Armour', 'Armatura di pelle borchiata. Utile per difendersi da creature piccole e veloci', 'sleather1', 1, 10, 5, 5, 5, 1, 0, -1, 3, 0, 3025, 16, 1, '3', 0, -1, 3),
(1918, 'Cat&prime;s Chain shirt armour', 'maglia di ferro leggera', 'chain1', 1, -1, 5, 5, 5, 1, 0, -2, 3, 0, 3100, 16, 1, '4', 0, -1, 3),
(1919, 'Cat&prime;s Scale mail ', 'Armatura a scaglie di ferro', 'scale1', 1, -1, 5, 5, 5, 5, 0, -2, 3, 0, 3050, 17, 1, '4', 0, -1, 3),
(1920, 'Cat&prime;s Chainmail Armour', 'maglia di ferro pesante', 'chainmail1', 1, -1, 5, 5, 5, 5, 0, -3, 3, 0, 3150, 17, 1, '5', 0, -1, 3),
(1921, 'Cat&prime;s Breastplate ', 'Armatura composta da un corpetto di piastre posizionate solo nella parte anteriore del corpo', 'breast1', 1, -1, 5, 5, 5, 5, 0, -2, 3, 0, 3200, 17, 1, '5', 0, -1, 3),
(1922, 'Cat&prime;s Splint mail ', 'Armatura di maglie di ferro che copre tutto il corpo come una tunica', 'splint1', 1, -1, 5, 5, 5, 10, 0, -4, 3, 0, 3200, 18, 1, '6', 0, -1, 3),
(1923, 'Cat&prime;s Banded mail ', 'Armatura a bande di ferro. Copre solo parte superiore del corpo', 'banded1', 1, -1, 5, 5, 5, 10, 0, -3, 3, 0, 3250, 18, 1, '6', 0, -1, 3),
(1924, 'Cat&prime;s Half-plate ', 'Armatura di piaste', 'hplate1', 1, -1, 5, 5, 5, 10, 0, -4, 3, 0, 3600, 18, 1, '7', 0, -1, 3),
(1925, 'Cat&prime;s Full plate ', 'Armatura di piastre completa', 'fplate1', 1, -1, 5, 5, 5, 10, 0, -3, 3, 0, 4000, 18, 1, '8', 0, -1, 3),
(1926, 'Cat&prime;s Buckler ', 'Scudo piccolo di legno', 'buckler1', 1, 6, 5, 5, 5, 1, 0, -5, 3, 0, 3015, 16, 1, '1', 0, -1, 2),
(1927, 'Cat&prime;s Shield, light wooden ', 'scudo medio di legno', 'lshieldw1', 1, 7, 5, 5, 5, 1, 0, -5, 3, 0, 3003, 16, 1, '1', 0, -1, 2),
(1928, 'Cat&prime;s Shield, light steel ', 'scudo d''acciaio leggero', 'lshields1', 1, 8, 5, 5, 5, 1, 0, -5, 3, 0, 3009, 16, 1, '1', 0, -1, 2),
(1929, 'Cat&prime;s Shield, heavy wooden ', 'Scudo pesante di legno', 'hshieldw1', 1, 9, 5, 5, 5, 5, 0, -1, 3, 0, 3007, 17, 1, '2', 0, -1, 2),
(1930, 'Cat&prime;s Shield, heavy steel ', 'Scudo d''acciaio pesante', 'hshields1', 1, 10, 5, 5, 5, 5, 0, -1, 3, 0, 3020, 17, 1, '2', 0, -1, 2),
(1931, 'Cat&prime;s Shield, tower ', 'Scudo enorme', 'tower1', 1, 15, 5, 5, 5, 10, 0, -5, 3, 0, 3030, 18, 1, '4', 0, -1, 2),
(1932, 'Boar&prime;s Pugnale', 'Una piccola lama', 'dagger1', 1, 8, 5, 5, 5, 1, 3, 0, 0, 0, 3002, 16, 1, '1d4', 2, 10, 1),
(1933, 'Boar&prime;s Martello', 'Un attrezzo da fabbro', 'hammer1', 1, 8, 5, 5, 5, 1, 3, 0, 0, 0, 3000, 16, 1, '1d3', 1, 5, 1),
(1934, 'Boar&prime;s Piccone', 'Utile per la miniera', 'picc1', 1, 9, 5, 5, 5, 1, 3, 0, 0, 0, 3004, 16, 1, '1d5', 5, 20, 1),
(1935, 'Boar&prime;s Spada corta', 'Utile per difendersi', 'sSword1', 1, 10, 5, 5, 5, 3, 3, 0, 0, 0, 3010, 16, 1, '1d6', 3, 15, 1),
(1936, 'Boar&prime;s Mazza', 'Per chi non ama le armi affilate', 'mace1', 1, 9, 5, 5, 5, 3, 3, 0, 0, 0, 3005, 16, 1, '1d5', 2, 10, 1),
(1937, 'Boar&prime;s Bastone', 'Asta rinforzata', 'staff1', 1, 10, 5, 5, 5, 3, 3, 0, 0, 0, 3000, 16, 1, '1d6', 6, 7, 1),
(1938, 'Boar&prime;s Spada lunga', 'Finalmente una vera arma', 'lSword1', 1, 11, 5, 5, 5, 5, 3, 0, 0, 0, 3015, 16, 1, '1d8', 7, 20, 1),
(1939, 'Boar&prime;s Ascia', 'Non solo per fare legna', 'axe1', 1, 12, 5, 5, 5, 5, 3, 0, 0, 0, 3010, 16, 1, '1d7', 8, 25, 1),
(1940, 'Boar&prime;s Guanto Chiodato', 'Un guanto di ferro', 'gaunt1', 1, 6, 5, 5, 5, 1, 3, 0, 0, 0, 3000, 16, 1, '1d4', 1, 10, 1),
(1941, 'Boar&prime;s Falcetto', 'Usato nei campi', 'sick1', 1, 8, 5, 5, 5, 3, 3, 0, 0, 0, 3006, 16, 1, '1d6', 5, 10, 1),
(1942, 'Boar&prime;s Mezza Lancia', 'Una lancia per i combattimenti ravvicinati', 'sLance1', 1, 11, 5, 5, 5, 3, 3, 0, 0, 0, 3002, 16, 1, '1d6', 3, 10, 1),
(1943, 'Boar&prime;s Morning Star', 'Una palla di ferro con catena ', 'morning1', 1, 8, 5, 6, 5, 3, 3, 0, 0, 0, 3008, 16, 1, '1d6', 1, 15, 1),
(1944, 'Boar&prime;s Padded armour', 'armatura leggera utile per muoversi velocemente tra i boschi', 'padded1', 1, 5, 5, 5, 5, 1, 3, 0, 0, 0, 3005, 16, 1, '1', 0, -1, 3),
(1945, 'Boar&prime;s Leather armour', 'armatura di cuoio. il giusto compromesso per non penalizzare forza e destrezza', 'leather1', 1, 8, 5, 5, 5, 1, 3, -1, 0, 0, 3010, 16, 1, '2', 0, -1, 3),
(1946, 'Boar&prime;s Studded leather Armour', 'Armatura di pelle borchiata. Utile per difendersi da creature piccole e veloci', 'sleather1', 1, 10, 5, 5, 5, 1, 3, -1, 0, 0, 3025, 16, 1, '3', 0, -1, 3),
(1947, 'Boar&prime;s Chain shirt armour', 'maglia di ferro leggera', 'chain1', 1, -1, 5, 5, 5, 1, 3, -2, 0, 0, 3100, 16, 1, '4', 0, -1, 3),
(1948, 'Boar&prime;s Scale mail ', 'Armatura a scaglie di ferro', 'scale1', 1, -1, 5, 5, 5, 5, 3, -2, 0, 0, 3050, 17, 1, '4', 0, -1, 3),
(1949, 'Boar&prime;s Chainmail Armour', 'maglia di ferro pesante', 'chainmail1', 1, -1, 5, 5, 5, 5, 3, -3, 0, 0, 3150, 17, 1, '5', 0, -1, 3),
(1950, 'Boar&prime;s Breastplate ', 'Armatura composta da un corpetto di piastre posizionate solo nella parte anteriore del corpo', 'breast1', 1, -1, 5, 5, 5, 5, 3, -2, 0, 0, 3200, 17, 1, '5', 0, -1, 3),
(1951, 'Boar&prime;s Splint mail ', 'Armatura di maglie di ferro che copre tutto il corpo come una tunica', 'splint1', 1, -1, 5, 5, 5, 10, 3, -4, 0, 0, 3200, 18, 1, '6', 0, -1, 3),
(1952, 'Boar&prime;s Banded mail ', 'Armatura a bande di ferro. Copre solo parte superiore del corpo', 'banded1', 1, -1, 5, 5, 5, 10, 3, -3, 0, 0, 3250, 18, 1, '6', 0, -1, 3),
(1953, 'Boar&prime;s Half-plate ', 'Armatura di piaste', 'hplate1', 1, -1, 5, 5, 5, 10, 3, -4, 0, 0, 3600, 18, 1, '7', 0, -1, 3),
(1954, 'Boar&prime;s Full plate ', 'Armatura di piastre completa', 'fplate1', 1, -1, 5, 5, 5, 10, 3, -3, 0, 0, 4000, 18, 1, '8', 0, -1, 3),
(1955, 'Boar&prime;s Buckler ', 'Scudo piccolo di legno', 'buckler1', 1, 6, 5, 5, 5, 1, 3, -5, 0, 0, 3015, 16, 1, '1', 0, -1, 2),
(1956, 'Boar&prime;s Shield, light wooden ', 'scudo medio di legno', 'lshieldw1', 1, 7, 5, 5, 5, 1, 3, -5, 0, 0, 3003, 16, 1, '1', 0, -1, 2),
(1957, 'Boar&prime;s Shield, light steel ', 'scudo d''acciaio leggero', 'lshields1', 1, 8, 5, 5, 5, 1, 3, -5, 0, 0, 3009, 16, 1, '1', 0, -1, 2),
(1958, 'Boar&prime;s Shield, heavy wooden ', 'Scudo pesante di legno', 'hshieldw1', 1, 9, 5, 5, 5, 5, 3, -1, 0, 0, 3007, 17, 1, '2', 0, -1, 2),
(1959, 'Boar&prime;s Shield, heavy steel ', 'Scudo d''acciaio pesante', 'hshields1', 1, 10, 5, 5, 5, 5, 3, -1, 0, 0, 3020, 17, 1, '2', 0, -1, 2),
(1960, 'Boar&prime;s Shield, tower ', 'Scudo enorme', 'tower1', 1, 15, 5, 5, 5, 10, 3, -5, 0, 0, 3030, 18, 1, '4', 0, -1, 2),
(1961, 'Fox&prime;s Pugnale', 'Una piccola lama', 'dagger1', 1, 8, 5, 5, 8, 1, 0, 0, 0, 0, 3002, 16, 1, '1d4', 2, 10, 1),
(1962, 'Fox&prime;s Martello', 'Un attrezzo da fabbro', 'hammer1', 1, 8, 5, 5, 8, 1, 0, 0, 0, 0, 3000, 16, 1, '1d3', 1, 5, 1),
(1963, 'Fox&prime;s Piccone', 'Utile per la miniera', 'picc1', 1, 9, 5, 5, 8, 1, 0, 0, 0, 0, 3004, 16, 1, '1d5', 5, 20, 1),
(1964, 'Fox&prime;s Spada corta', 'Utile per difendersi', 'sSword1', 1, 10, 5, 5, 8, 3, 0, 0, 0, 0, 3010, 16, 1, '1d6', 3, 15, 1),
(1965, 'Fox&prime;s Mazza', 'Per chi non ama le armi affilate', 'mace1', 1, 9, 5, 5, 8, 3, 0, 0, 0, 0, 3005, 16, 1, '1d5', 2, 10, 1),
(1966, 'Fox&prime;s Bastone', 'Asta rinforzata', 'staff1', 1, 10, 5, 5, 8, 3, 0, 0, 0, 0, 3000, 16, 1, '1d6', 6, 7, 1),
(1967, 'Fox&prime;s Spada lunga', 'Finalmente una vera arma', 'lSword1', 1, 11, 5, 5, 8, 5, 0, 0, 0, 0, 3015, 16, 1, '1d8', 7, 20, 1),
(1968, 'Fox&prime;s Ascia', 'Non solo per fare legna', 'axe1', 1, 12, 5, 5, 8, 5, 0, 0, 0, 0, 3010, 16, 1, '1d7', 8, 25, 1),
(1969, 'Fox&prime;s Guanto Chiodato', 'Un guanto di ferro', 'gaunt1', 1, 6, 5, 5, 8, 1, 0, 0, 0, 0, 3000, 16, 1, '1d4', 1, 10, 1),
(1970, 'Fox&prime;s Falcetto', 'Usato nei campi', 'sick1', 1, 8, 5, 5, 8, 3, 0, 0, 0, 0, 3006, 16, 1, '1d6', 5, 10, 1),
(1971, 'Fox&prime;s Mezza Lancia', 'Una lancia per i combattimenti ravvicinati', 'sLance1', 1, 11, 5, 5, 8, 3, 0, 0, 0, 0, 3002, 16, 1, '1d6', 3, 10, 1),
(1972, 'Fox&prime;s Morning Star', 'Una palla di ferro con catena ', 'morning1', 1, 8, 5, 6, 8, 3, 0, 0, 0, 0, 3008, 16, 1, '1d6', 1, 15, 1),
(1973, 'Fox&prime;s Padded armour', 'armatura leggera utile per muoversi velocemente tra i boschi', 'padded1', 1, 5, 5, 5, 8, 1, 0, 0, 0, 0, 3005, 16, 1, '1', 0, -1, 3),
(1974, 'Fox&prime;s Leather armour', 'armatura di cuoio. il giusto compromesso per non penalizzare forza e destrezza', 'leather1', 1, 8, 5, 5, 8, 1, 0, -1, 0, 0, 3010, 16, 1, '2', 0, -1, 3),
(1975, 'Fox&prime;s Studded leather Armour', 'Armatura di pelle borchiata. Utile per difendersi da creature piccole e veloci', 'sleather1', 1, 10, 5, 5, 8, 1, 0, -1, 0, 0, 3025, 16, 1, '3', 0, -1, 3),
(1976, 'Fox&prime;s Chain shirt armour', 'maglia di ferro leggera', 'chain1', 1, -1, 5, 5, 8, 1, 0, -2, 0, 0, 3100, 16, 1, '4', 0, -1, 3),
(1977, 'Fox&prime;s Scale mail ', 'Armatura a scaglie di ferro', 'scale1', 1, -1, 5, 5, 8, 5, 0, -2, 0, 0, 3050, 17, 1, '4', 0, -1, 3),
(1978, 'Fox&prime;s Chainmail Armour', 'maglia di ferro pesante', 'chainmail1', 1, -1, 5, 5, 8, 5, 0, -3, 0, 0, 3150, 17, 1, '5', 0, -1, 3),
(1979, 'Fox&prime;s Breastplate ', 'Armatura composta da un corpetto di piastre posizionate solo nella parte anteriore del corpo', 'breast1', 1, -1, 5, 5, 8, 5, 0, -2, 0, 0, 3200, 17, 1, '5', 0, -1, 3);
INSERT INTO `Item` (`id`, `name`, `description`, `image`, `costAP`, `req_str`, `req_int`, `req_dex`, `req_cha`, `req_lev`, `mod_str`, `mod_int`, `mod_dex`, `mod_cha`, `price`, `level`, `spell`, `damage`, `initiative`, `durability`, `type`) VALUES
(1980, 'Fox&prime;s Splint mail ', 'Armatura di maglie di ferro che copre tutto il corpo come una tunica', 'splint1', 1, -1, 5, 5, 8, 10, 0, -4, 0, 0, 3200, 18, 1, '6', 0, -1, 3),
(1981, 'Fox&prime;s Banded mail ', 'Armatura a bande di ferro. Copre solo parte superiore del corpo', 'banded1', 1, -1, 5, 5, 8, 10, 0, -3, 0, 0, 3250, 18, 1, '6', 0, -1, 3),
(1982, 'Fox&prime;s Half-plate ', 'Armatura di piaste', 'hplate1', 1, -1, 5, 5, 8, 10, 0, -4, 0, 0, 3600, 18, 1, '7', 0, -1, 3),
(1983, 'Fox&prime;s Full plate ', 'Armatura di piastre completa', 'fplate1', 1, -1, 5, 5, 8, 10, 0, -3, 0, 0, 4000, 18, 1, '8', 0, -1, 3),
(1984, 'Fox&prime;s Buckler ', 'Scudo piccolo di legno', 'buckler1', 1, 6, 5, 5, 8, 1, 0, -5, 0, 0, 3015, 16, 1, '1', 0, -1, 2),
(1985, 'Fox&prime;s Shield, light wooden ', 'scudo medio di legno', 'lshieldw1', 1, 7, 5, 5, 8, 1, 0, -5, 0, 0, 3003, 16, 1, '1', 0, -1, 2),
(1986, 'Fox&prime;s Shield, light steel ', 'scudo d''acciaio leggero', 'lshields1', 1, 8, 5, 5, 8, 1, 0, -5, 0, 0, 3009, 16, 1, '1', 0, -1, 2),
(1987, 'Fox&prime;s Shield, heavy wooden ', 'Scudo pesante di legno', 'hshieldw1', 1, 9, 5, 5, 8, 5, 0, -1, 0, 0, 3007, 17, 1, '2', 0, -1, 2),
(1988, 'Fox&prime;s Shield, heavy steel ', 'Scudo d''acciaio pesante', 'hshields1', 1, 10, 5, 5, 8, 5, 0, -1, 0, 0, 3020, 17, 1, '2', 0, -1, 2),
(1989, 'Fox&prime;s Shield, tower ', 'Scudo enorme', 'tower1', 1, 15, 5, 5, 8, 10, 0, -5, 0, 0, 3030, 18, 1, '4', 0, -1, 2),
(1990, 'Owl&prime;s Pugnale', 'Una piccola lama', 'dagger1', 1, 8, 5, 5, 5, 1, 0, 3, 0, 0, 3002, 16, 1, '1d4', 2, 10, 1),
(1991, 'Owl&prime;s Martello', 'Un attrezzo da fabbro', 'hammer1', 1, 8, 5, 5, 5, 1, 0, 3, 0, 0, 3000, 16, 1, '1d3', 1, 5, 1),
(1992, 'Owl&prime;s Piccone', 'Utile per la miniera', 'picc1', 1, 9, 5, 5, 5, 1, 0, 3, 0, 0, 3004, 16, 1, '1d5', 5, 20, 1),
(1993, 'Owl&prime;s Spada corta', 'Utile per difendersi', 'sSword1', 1, 10, 5, 5, 5, 3, 0, 3, 0, 0, 3010, 16, 1, '1d6', 3, 15, 1),
(1994, 'Owl&prime;s Mazza', 'Per chi non ama le armi affilate', 'mace1', 1, 9, 5, 5, 5, 3, 0, 3, 0, 0, 3005, 16, 1, '1d5', 2, 10, 1),
(1995, 'Owl&prime;s Bastone', 'Asta rinforzata', 'staff1', 1, 10, 5, 5, 5, 3, 0, 3, 0, 0, 3000, 16, 1, '1d6', 6, 7, 1),
(1996, 'Owl&prime;s Spada lunga', 'Finalmente una vera arma', 'lSword1', 1, 11, 5, 5, 5, 5, 0, 3, 0, 0, 3015, 16, 1, '1d8', 7, 20, 1),
(1997, 'Owl&prime;s Ascia', 'Non solo per fare legna', 'axe1', 1, 12, 5, 5, 5, 5, 0, 3, 0, 0, 3010, 16, 1, '1d7', 8, 25, 1),
(1998, 'Owl&prime;s Guanto Chiodato', 'Un guanto di ferro', 'gaunt1', 1, 6, 5, 5, 5, 1, 0, 3, 0, 0, 3000, 16, 1, '1d4', 1, 10, 1),
(1999, 'Owl&prime;s Falcetto', 'Usato nei campi', 'sick1', 1, 8, 5, 5, 5, 3, 0, 3, 0, 0, 3006, 16, 1, '1d6', 5, 10, 1),
(2000, 'Owl&prime;s Mezza Lancia', 'Una lancia per i combattimenti ravvicinati', 'sLance1', 1, 11, 5, 5, 5, 3, 0, 3, 0, 0, 3002, 16, 1, '1d6', 3, 10, 1),
(2001, 'Owl&prime;s Morning Star', 'Una palla di ferro con catena ', 'morning1', 1, 8, 5, 6, 5, 3, 0, 3, 0, 0, 3008, 16, 1, '1d6', 1, 15, 1),
(2002, 'Owl&prime;s Padded armour', 'armatura leggera utile per muoversi velocemente tra i boschi', 'padded1', 1, 5, 5, 5, 5, 1, 0, 3, 0, 0, 3005, 16, 1, '1', 0, -1, 3),
(2003, 'Owl&prime;s Leather armour', 'armatura di cuoio. il giusto compromesso per non penalizzare forza e destrezza', 'leather1', 1, 8, 5, 5, 5, 1, 0, 2, 0, 0, 3010, 16, 1, '2', 0, -1, 3),
(2004, 'Owl&prime;s Studded leather Armour', 'Armatura di pelle borchiata. Utile per difendersi da creature piccole e veloci', 'sleather1', 1, 10, 5, 5, 5, 1, 0, 2, 0, 0, 3025, 16, 1, '3', 0, -1, 3),
(2005, 'Owl&prime;s Chain shirt armour', 'maglia di ferro leggera', 'chain1', 1, -1, 5, 5, 5, 1, 0, 1, 0, 0, 3100, 16, 1, '4', 0, -1, 3),
(2006, 'Owl&prime;s Scale mail ', 'Armatura a scaglie di ferro', 'scale1', 1, -1, 5, 5, 5, 5, 0, 1, 0, 0, 3050, 17, 1, '4', 0, -1, 3),
(2007, 'Owl&prime;s Chainmail Armour', 'maglia di ferro pesante', 'chainmail1', 1, -1, 5, 5, 5, 5, 0, 0, 0, 0, 3150, 17, 1, '5', 0, -1, 3),
(2008, 'Owl&prime;s Breastplate ', 'Armatura composta da un corpetto di piastre posizionate solo nella parte anteriore del corpo', 'breast1', 1, -1, 5, 5, 5, 5, 0, 1, 0, 0, 3200, 17, 1, '5', 0, -1, 3),
(2009, 'Owl&prime;s Splint mail ', 'Armatura di maglie di ferro che copre tutto il corpo come una tunica', 'splint1', 1, -1, 5, 5, 5, 10, 0, -1, 0, 0, 3200, 18, 1, '6', 0, -1, 3),
(2010, 'Owl&prime;s Banded mail ', 'Armatura a bande di ferro. Copre solo parte superiore del corpo', 'banded1', 1, -1, 5, 5, 5, 10, 0, 0, 0, 0, 3250, 18, 1, '6', 0, -1, 3),
(2011, 'Owl&prime;s Half-plate ', 'Armatura di piaste', 'hplate1', 1, -1, 5, 5, 5, 10, 0, -1, 0, 0, 3600, 18, 1, '7', 0, -1, 3),
(2012, 'Owl&prime;s Full plate ', 'Armatura di piastre completa', 'fplate1', 1, -1, 5, 5, 5, 10, 0, 0, 0, 0, 4000, 18, 1, '8', 0, -1, 3),
(2013, 'Owl&prime;s Buckler ', 'Scudo piccolo di legno', 'buckler1', 1, 6, 5, 5, 5, 1, 0, -2, 0, 0, 3015, 16, 1, '1', 0, -1, 2),
(2014, 'Owl&prime;s Shield, light wooden ', 'scudo medio di legno', 'lshieldw1', 1, 7, 5, 5, 5, 1, 0, -2, 0, 0, 3003, 16, 1, '1', 0, -1, 2),
(2015, 'Owl&prime;s Shield, light steel ', 'scudo d''acciaio leggero', 'lshields1', 1, 8, 5, 5, 5, 1, 0, -2, 0, 0, 3009, 16, 1, '1', 0, -1, 2),
(2016, 'Owl&prime;s Shield, heavy wooden ', 'Scudo pesante di legno', 'hshieldw1', 1, 9, 5, 5, 5, 5, 0, 2, 0, 0, 3007, 17, 1, '2', 0, -1, 2),
(2017, 'Owl&prime;s Shield, heavy steel ', 'Scudo d''acciaio pesante', 'hshields1', 1, 10, 5, 5, 5, 5, 0, 2, 0, 0, 3020, 17, 1, '2', 0, -1, 2),
(2018, 'Owl&prime;s Shield, tower ', 'Scudo enorme', 'tower1', 1, 15, 5, 5, 5, 10, 0, -2, 0, 0, 3030, 18, 1, '4', 0, -1, 2),
(2019, 'Cat&prime;s Pugnale (major)', 'Una piccola lama', 'dagger1', 1, 8, 5, 5, 5, 1, 0, 0, 4, 0, 4002, 21, 1, '1d4', 2, 10, 1),
(2020, 'Cat&prime;s Martello (major)', 'Un attrezzo da fabbro', 'hammer1', 1, 8, 5, 5, 5, 1, 0, 0, 4, 0, 4000, 21, 1, '1d3', 1, 5, 1),
(2021, 'Cat&prime;s Piccone (major)', 'Utile per la miniera', 'picc1', 1, 9, 5, 5, 5, 1, 0, 0, 4, 0, 4004, 21, 1, '1d5', 5, 20, 1),
(2022, 'Cat&prime;s Spada corta (major)', 'Utile per difendersi', 'sSword1', 1, 10, 5, 5, 5, 3, 0, 0, 4, 0, 4010, 21, 1, '1d6', 3, 15, 1),
(2023, 'Cat&prime;s Mazza (major)', 'Per chi non ama le armi affilate', 'mace1', 1, 9, 5, 5, 5, 3, 0, 0, 4, 0, 4005, 21, 1, '1d5', 2, 10, 1),
(2024, 'Cat&prime;s Bastone (major)', 'Asta rinforzata', 'staff1', 1, 10, 5, 5, 5, 3, 0, 0, 4, 0, 4000, 21, 1, '1d6', 6, 7, 1),
(2025, 'Cat&prime;s Spada lunga (major)', 'Finalmente una vera arma', 'lSword1', 1, 11, 5, 5, 5, 5, 0, 0, 4, 0, 4015, 21, 1, '1d8', 7, 20, 1),
(2026, 'Cat&prime;s Ascia (major)', 'Non solo per fare legna', 'axe1', 1, 12, 5, 5, 5, 5, 0, 0, 4, 0, 4010, 21, 1, '1d7', 8, 25, 1),
(2027, 'Cat&prime;s Guanto Chiodato (major)', 'Un guanto di ferro', 'gaunt1', 1, 6, 5, 5, 5, 1, 0, 0, 4, 0, 4000, 21, 1, '1d4', 1, 10, 1),
(2028, 'Cat&prime;s Falcetto (major)', 'Usato nei campi', 'sick1', 1, 8, 5, 5, 5, 3, 0, 0, 4, 0, 4006, 21, 1, '1d6', 5, 10, 1),
(2029, 'Cat&prime;s Mezza Lancia (major)', 'Una lancia per i combattimenti ravvicinati', 'sLance1', 1, 11, 5, 5, 5, 3, 0, 0, 4, 0, 4002, 21, 1, '1d6', 3, 10, 1),
(2030, 'Cat&prime;s Morning Star (major)', 'Una palla di ferro con catena ', 'morning1', 1, 8, 5, 6, 5, 3, 0, 0, 4, 0, 4008, 21, 1, '1d6', 1, 15, 1),
(2031, 'Cat&prime;s Padded armour (major)', 'armatura leggera utile per muoversi velocemente tra i boschi', 'padded1', 1, 5, 5, 5, 5, 1, 0, 0, 4, 0, 4005, 21, 1, '1', 0, -1, 3),
(2032, 'Cat&prime;s Leather armour (major)', 'armatura di cuoio. il giusto compromesso per non penalizzare forza e destrezza', 'leather1', 1, 8, 5, 5, 5, 1, 0, -1, 4, 0, 4010, 21, 1, '2', 0, -1, 3),
(2033, 'Cat&prime;s Studded leather Armour (major)', 'Armatura di pelle borchiata. Utile per difendersi da creature piccole e veloci', 'sleather1', 1, 10, 5, 5, 5, 1, 0, -1, 4, 0, 4025, 21, 1, '3', 0, -1, 3),
(2034, 'Cat&prime;s Chain shirt armour (major)', 'maglia di ferro leggera', 'chain1', 1, -1, 5, 5, 5, 1, 0, -2, 4, 0, 4100, 21, 1, '4', 0, -1, 3),
(2035, 'Cat&prime;s Scale mail  (major)', 'Armatura a scaglie di ferro', 'scale1', 1, -1, 5, 5, 5, 5, 0, -2, 4, 0, 4050, 22, 1, '4', 0, -1, 3),
(2036, 'Cat&prime;s Chainmail Armour (major)', 'maglia di ferro pesante', 'chainmail1', 1, -1, 5, 5, 5, 5, 0, -3, 4, 0, 4150, 22, 1, '5', 0, -1, 3),
(2037, 'Cat&prime;s Breastplate  (major)', 'Armatura composta da un corpetto di piastre posizionate solo nella parte anteriore del corpo', 'breast1', 1, -1, 5, 5, 5, 5, 0, -2, 4, 0, 4200, 22, 1, '5', 0, -1, 3),
(2038, 'Cat&prime;s Splint mail  (major)', 'Armatura di maglie di ferro che copre tutto il corpo come una tunica', 'splint1', 1, -1, 5, 5, 5, 10, 0, -4, 4, 0, 4200, 23, 1, '6', 0, -1, 3),
(2039, 'Cat&prime;s Banded mail  (major)', 'Armatura a bande di ferro. Copre solo parte superiore del corpo', 'banded1', 1, -1, 5, 5, 5, 10, 0, -3, 4, 0, 4250, 23, 1, '6', 0, -1, 3),
(2040, 'Cat&prime;s Half-plate  (major)', 'Armatura di piaste', 'hplate1', 1, -1, 5, 5, 5, 10, 0, -4, 4, 0, 4600, 23, 1, '7', 0, -1, 3),
(2041, 'Cat&prime;s Full plate  (major)', 'Armatura di piastre completa', 'fplate1', 1, -1, 5, 5, 5, 10, 0, -3, 4, 0, 5000, 23, 1, '8', 0, -1, 3),
(2042, 'Cat&prime;s Buckler  (major)', 'Scudo piccolo di legno', 'buckler1', 1, 6, 5, 5, 5, 1, 0, -5, 4, 0, 4015, 21, 1, '1', 0, -1, 2),
(2043, 'Cat&prime;s Shield, light wooden  (major)', 'scudo medio di legno', 'lshieldw1', 1, 7, 5, 5, 5, 1, 0, -5, 4, 0, 4003, 21, 1, '1', 0, -1, 2),
(2044, 'Cat&prime;s Shield, light steel  (major)', 'scudo d''acciaio leggero', 'lshields1', 1, 8, 5, 5, 5, 1, 0, -5, 4, 0, 4009, 21, 1, '1', 0, -1, 2),
(2045, 'Cat&prime;s Shield, heavy wooden  (major)', 'Scudo pesante di legno', 'hshieldw1', 1, 9, 5, 5, 5, 5, 0, -1, 4, 0, 4007, 22, 1, '2', 0, -1, 2),
(2046, 'Cat&prime;s Shield, heavy steel  (major)', 'Scudo d''acciaio pesante', 'hshields1', 1, 10, 5, 5, 5, 5, 0, -1, 4, 0, 4020, 22, 1, '2', 0, -1, 2),
(2047, 'Cat&prime;s Shield, tower  (major)', 'Scudo enorme', 'tower1', 1, 15, 5, 5, 5, 10, 0, -5, 4, 0, 4030, 23, 1, '4', 0, -1, 2),
(2048, 'Boar&prime;s Pugnale (major)', 'Una piccola lama', 'dagger1', 1, 8, 5, 5, 5, 1, 4, 0, 0, 0, 4002, 21, 1, '1d4', 2, 10, 1),
(2049, 'Boar&prime;s Martello (major)', 'Un attrezzo da fabbro', 'hammer1', 1, 8, 5, 5, 5, 1, 4, 0, 0, 0, 4000, 21, 1, '1d3', 1, 5, 1),
(2050, 'Boar&prime;s Piccone (major)', 'Utile per la miniera', 'picc1', 1, 9, 5, 5, 5, 1, 4, 0, 0, 0, 4004, 21, 1, '1d5', 5, 20, 1),
(2051, 'Boar&prime;s Spada corta (major)', 'Utile per difendersi', 'sSword1', 1, 10, 5, 5, 5, 3, 4, 0, 0, 0, 4010, 21, 1, '1d6', 3, 15, 1),
(2052, 'Boar&prime;s Mazza (major)', 'Per chi non ama le armi affilate', 'mace1', 1, 9, 5, 5, 5, 3, 4, 0, 0, 0, 4005, 21, 1, '1d5', 2, 10, 1),
(2053, 'Boar&prime;s Bastone (major)', 'Asta rinforzata', 'staff1', 1, 10, 5, 5, 5, 3, 4, 0, 0, 0, 4000, 21, 1, '1d6', 6, 7, 1),
(2054, 'Boar&prime;s Spada lunga (major)', 'Finalmente una vera arma', 'lSword1', 1, 11, 5, 5, 5, 5, 4, 0, 0, 0, 4015, 21, 1, '1d8', 7, 20, 1),
(2055, 'Boar&prime;s Ascia (major)', 'Non solo per fare legna', 'axe1', 1, 12, 5, 5, 5, 5, 4, 0, 0, 0, 4010, 21, 1, '1d7', 8, 25, 1),
(2056, 'Boar&prime;s Guanto Chiodato (major)', 'Un guanto di ferro', 'gaunt1', 1, 6, 5, 5, 5, 1, 4, 0, 0, 0, 4000, 21, 1, '1d4', 1, 10, 1),
(2057, 'Boar&prime;s Falcetto (major)', 'Usato nei campi', 'sick1', 1, 8, 5, 5, 5, 3, 4, 0, 0, 0, 4006, 21, 1, '1d6', 5, 10, 1),
(2058, 'Boar&prime;s Mezza Lancia (major)', 'Una lancia per i combattimenti ravvicinati', 'sLance1', 1, 11, 5, 5, 5, 3, 4, 0, 0, 0, 4002, 21, 1, '1d6', 3, 10, 1),
(2059, 'Boar&prime;s Morning Star (major)', 'Una palla di ferro con catena ', 'morning1', 1, 8, 5, 6, 5, 3, 4, 0, 0, 0, 4008, 21, 1, '1d6', 1, 15, 1),
(2060, 'Boar&prime;s Padded armour (major)', 'armatura leggera utile per muoversi velocemente tra i boschi', 'padded1', 1, 5, 5, 5, 5, 1, 4, 0, 0, 0, 4005, 21, 1, '1', 0, -1, 3),
(2061, 'Boar&prime;s Leather armour (major)', 'armatura di cuoio. il giusto compromesso per non penalizzare forza e destrezza', 'leather1', 1, 8, 5, 5, 5, 1, 4, -1, 0, 0, 4010, 21, 1, '2', 0, -1, 3),
(2062, 'Boar&prime;s Studded leather Armour (major)', 'Armatura di pelle borchiata. Utile per difendersi da creature piccole e veloci', 'sleather1', 1, 10, 5, 5, 5, 1, 4, -1, 0, 0, 4025, 21, 1, '3', 0, -1, 3),
(2063, 'Boar&prime;s Chain shirt armour (major)', 'maglia di ferro leggera', 'chain1', 1, -1, 5, 5, 5, 1, 4, -2, 0, 0, 4100, 21, 1, '4', 0, -1, 3),
(2064, 'Boar&prime;s Scale mail  (major)', 'Armatura a scaglie di ferro', 'scale1', 1, -1, 5, 5, 5, 5, 4, -2, 0, 0, 4050, 22, 1, '4', 0, -1, 3),
(2065, 'Boar&prime;s Chainmail Armour (major)', 'maglia di ferro pesante', 'chainmail1', 1, -1, 5, 5, 5, 5, 4, -3, 0, 0, 4150, 22, 1, '5', 0, -1, 3),
(2066, 'Boar&prime;s Breastplate  (major)', 'Armatura composta da un corpetto di piastre posizionate solo nella parte anteriore del corpo', 'breast1', 1, -1, 5, 5, 5, 5, 4, -2, 0, 0, 4200, 22, 1, '5', 0, -1, 3),
(2067, 'Boar&prime;s Splint mail  (major)', 'Armatura di maglie di ferro che copre tutto il corpo come una tunica', 'splint1', 1, -1, 5, 5, 5, 10, 4, -4, 0, 0, 4200, 23, 1, '6', 0, -1, 3),
(2068, 'Boar&prime;s Banded mail  (major)', 'Armatura a bande di ferro. Copre solo parte superiore del corpo', 'banded1', 1, -1, 5, 5, 5, 10, 4, -3, 0, 0, 4250, 23, 1, '6', 0, -1, 3),
(2069, 'Boar&prime;s Half-plate  (major)', 'Armatura di piaste', 'hplate1', 1, -1, 5, 5, 5, 10, 4, -4, 0, 0, 4600, 23, 1, '7', 0, -1, 3),
(2070, 'Boar&prime;s Full plate  (major)', 'Armatura di piastre completa', 'fplate1', 1, -1, 5, 5, 5, 10, 4, -3, 0, 0, 5000, 23, 1, '8', 0, -1, 3),
(2071, 'Boar&prime;s Buckler  (major)', 'Scudo piccolo di legno', 'buckler1', 1, 6, 5, 5, 5, 1, 4, -5, 0, 0, 4015, 21, 1, '1', 0, -1, 2),
(2072, 'Boar&prime;s Shield, light wooden  (major)', 'scudo medio di legno', 'lshieldw1', 1, 7, 5, 5, 5, 1, 4, -5, 0, 0, 4003, 21, 1, '1', 0, -1, 2),
(2073, 'Boar&prime;s Shield, light steel  (major)', 'scudo d''acciaio leggero', 'lshields1', 1, 8, 5, 5, 5, 1, 4, -5, 0, 0, 4009, 21, 1, '1', 0, -1, 2),
(2074, 'Boar&prime;s Shield, heavy wooden  (major)', 'Scudo pesante di legno', 'hshieldw1', 1, 9, 5, 5, 5, 5, 4, -1, 0, 0, 4007, 22, 1, '2', 0, -1, 2),
(2075, 'Boar&prime;s Shield, heavy steel  (major)', 'Scudo d''acciaio pesante', 'hshields1', 1, 10, 5, 5, 5, 5, 4, -1, 0, 0, 4020, 22, 1, '2', 0, -1, 2),
(2076, 'Boar&prime;s Shield, tower  (major)', 'Scudo enorme', 'tower1', 1, 15, 5, 5, 5, 10, 4, -5, 0, 0, 4030, 23, 1, '4', 0, -1, 2),
(2077, 'Fox&prime;s Pugnale (major)', 'Una piccola lama', 'dagger1', 1, 8, 5, 5, 9, 1, 0, 0, 0, 0, 4002, 21, 1, '1d4', 2, 10, 1),
(2078, 'Fox&prime;s Martello (major)', 'Un attrezzo da fabbro', 'hammer1', 1, 8, 5, 5, 9, 1, 0, 0, 0, 0, 4000, 21, 1, '1d3', 1, 5, 1),
(2079, 'Fox&prime;s Piccone (major)', 'Utile per la miniera', 'picc1', 1, 9, 5, 5, 9, 1, 0, 0, 0, 0, 4004, 21, 1, '1d5', 5, 20, 1),
(2080, 'Fox&prime;s Spada corta (major)', 'Utile per difendersi', 'sSword1', 1, 10, 5, 5, 9, 3, 0, 0, 0, 0, 4010, 21, 1, '1d6', 3, 15, 1),
(2081, 'Fox&prime;s Mazza (major)', 'Per chi non ama le armi affilate', 'mace1', 1, 9, 5, 5, 9, 3, 0, 0, 0, 0, 4005, 21, 1, '1d5', 2, 10, 1),
(2082, 'Fox&prime;s Bastone (major)', 'Asta rinforzata', 'staff1', 1, 10, 5, 5, 9, 3, 0, 0, 0, 0, 4000, 21, 1, '1d6', 6, 7, 1),
(2083, 'Fox&prime;s Spada lunga (major)', 'Finalmente una vera arma', 'lSword1', 1, 11, 5, 5, 9, 5, 0, 0, 0, 0, 4015, 21, 1, '1d8', 7, 20, 1),
(2084, 'Fox&prime;s Ascia (major)', 'Non solo per fare legna', 'axe1', 1, 12, 5, 5, 9, 5, 0, 0, 0, 0, 4010, 21, 1, '1d7', 8, 25, 1),
(2085, 'Fox&prime;s Guanto Chiodato (major)', 'Un guanto di ferro', 'gaunt1', 1, 6, 5, 5, 9, 1, 0, 0, 0, 0, 4000, 21, 1, '1d4', 1, 10, 1),
(2086, 'Fox&prime;s Falcetto (major)', 'Usato nei campi', 'sick1', 1, 8, 5, 5, 9, 3, 0, 0, 0, 0, 4006, 21, 1, '1d6', 5, 10, 1),
(2087, 'Fox&prime;s Mezza Lancia (major)', 'Una lancia per i combattimenti ravvicinati', 'sLance1', 1, 11, 5, 5, 9, 3, 0, 0, 0, 0, 4002, 21, 1, '1d6', 3, 10, 1),
(2088, 'Fox&prime;s Morning Star (major)', 'Una palla di ferro con catena ', 'morning1', 1, 8, 5, 6, 9, 3, 0, 0, 0, 0, 4008, 21, 1, '1d6', 1, 15, 1),
(2089, 'Fox&prime;s Padded armour (major)', 'armatura leggera utile per muoversi velocemente tra i boschi', 'padded1', 1, 5, 5, 5, 9, 1, 0, 0, 0, 0, 4005, 21, 1, '1', 0, -1, 3),
(2090, 'Fox&prime;s Leather armour (major)', 'armatura di cuoio. il giusto compromesso per non penalizzare forza e destrezza', 'leather1', 1, 8, 5, 5, 9, 1, 0, -1, 0, 0, 4010, 21, 1, '2', 0, -1, 3),
(2091, 'Fox&prime;s Studded leather Armour (major)', 'Armatura di pelle borchiata. Utile per difendersi da creature piccole e veloci', 'sleather1', 1, 10, 5, 5, 9, 1, 0, -1, 0, 0, 4025, 21, 1, '3', 0, -1, 3),
(2092, 'Fox&prime;s Chain shirt armour (major)', 'maglia di ferro leggera', 'chain1', 1, -1, 5, 5, 9, 1, 0, -2, 0, 0, 4100, 21, 1, '4', 0, -1, 3),
(2093, 'Fox&prime;s Scale mail  (major)', 'Armatura a scaglie di ferro', 'scale1', 1, -1, 5, 5, 9, 5, 0, -2, 0, 0, 4050, 22, 1, '4', 0, -1, 3),
(2094, 'Fox&prime;s Chainmail Armour (major)', 'maglia di ferro pesante', 'chainmail1', 1, -1, 5, 5, 9, 5, 0, -3, 0, 0, 4150, 22, 1, '5', 0, -1, 3),
(2095, 'Fox&prime;s Breastplate  (major)', 'Armatura composta da un corpetto di piastre posizionate solo nella parte anteriore del corpo', 'breast1', 1, -1, 5, 5, 9, 5, 0, -2, 0, 0, 4200, 22, 1, '5', 0, -1, 3),
(2096, 'Fox&prime;s Splint mail  (major)', 'Armatura di maglie di ferro che copre tutto il corpo come una tunica', 'splint1', 1, -1, 5, 5, 9, 10, 0, -4, 0, 0, 4200, 23, 1, '6', 0, -1, 3),
(2097, 'Fox&prime;s Banded mail  (major)', 'Armatura a bande di ferro. Copre solo parte superiore del corpo', 'banded1', 1, -1, 5, 5, 9, 10, 0, -3, 0, 0, 4250, 23, 1, '6', 0, -1, 3),
(2098, 'Fox&prime;s Half-plate  (major)', 'Armatura di piaste', 'hplate1', 1, -1, 5, 5, 9, 10, 0, -4, 0, 0, 4600, 23, 1, '7', 0, -1, 3),
(2099, 'Fox&prime;s Full plate  (major)', 'Armatura di piastre completa', 'fplate1', 1, -1, 5, 5, 9, 10, 0, -3, 0, 0, 5000, 23, 1, '8', 0, -1, 3),
(2100, 'Fox&prime;s Buckler  (major)', 'Scudo piccolo di legno', 'buckler1', 1, 6, 5, 5, 9, 1, 0, -5, 0, 0, 4015, 21, 1, '1', 0, -1, 2),
(2101, 'Fox&prime;s Shield, light wooden  (major)', 'scudo medio di legno', 'lshieldw1', 1, 7, 5, 5, 9, 1, 0, -5, 0, 0, 4003, 21, 1, '1', 0, -1, 2),
(2102, 'Fox&prime;s Shield, light steel  (major)', 'scudo d''acciaio leggero', 'lshields1', 1, 8, 5, 5, 9, 1, 0, -5, 0, 0, 4009, 21, 1, '1', 0, -1, 2),
(2103, 'Fox&prime;s Shield, heavy wooden  (major)', 'Scudo pesante di legno', 'hshieldw1', 1, 9, 5, 5, 9, 5, 0, -1, 0, 0, 4007, 22, 1, '2', 0, -1, 2),
(2104, 'Fox&prime;s Shield, heavy steel  (major)', 'Scudo d''acciaio pesante', 'hshields1', 1, 10, 5, 5, 9, 5, 0, -1, 0, 0, 4020, 22, 1, '2', 0, -1, 2),
(2105, 'Fox&prime;s Shield, tower  (major)', 'Scudo enorme', 'tower1', 1, 15, 5, 5, 9, 10, 0, -5, 0, 0, 4030, 23, 1, '4', 0, -1, 2),
(2106, 'Owl&prime;s Pugnale (major)', 'Una piccola lama', 'dagger1', 1, 8, 5, 5, 5, 1, 0, 4, 0, 0, 4002, 21, 1, '1d4', 2, 10, 1),
(2107, 'Owl&prime;s Martello (major)', 'Un attrezzo da fabbro', 'hammer1', 1, 8, 5, 5, 5, 1, 0, 4, 0, 0, 4000, 21, 1, '1d3', 1, 5, 1),
(2108, 'Owl&prime;s Piccone (major)', 'Utile per la miniera', 'picc1', 1, 9, 5, 5, 5, 1, 0, 4, 0, 0, 4004, 21, 1, '1d5', 5, 20, 1),
(2109, 'Owl&prime;s Spada corta (major)', 'Utile per difendersi', 'sSword1', 1, 10, 5, 5, 5, 3, 0, 4, 0, 0, 4010, 21, 1, '1d6', 3, 15, 1),
(2110, 'Owl&prime;s Mazza (major)', 'Per chi non ama le armi affilate', 'mace1', 1, 9, 5, 5, 5, 3, 0, 4, 0, 0, 4005, 21, 1, '1d5', 2, 10, 1),
(2111, 'Owl&prime;s Bastone (major)', 'Asta rinforzata', 'staff1', 1, 10, 5, 5, 5, 3, 0, 4, 0, 0, 4000, 21, 1, '1d6', 6, 7, 1),
(2112, 'Owl&prime;s Spada lunga (major)', 'Finalmente una vera arma', 'lSword1', 1, 11, 5, 5, 5, 5, 0, 4, 0, 0, 4015, 21, 1, '1d8', 7, 20, 1),
(2113, 'Owl&prime;s Ascia (major)', 'Non solo per fare legna', 'axe1', 1, 12, 5, 5, 5, 5, 0, 4, 0, 0, 4010, 21, 1, '1d7', 8, 25, 1),
(2114, 'Owl&prime;s Guanto Chiodato (major)', 'Un guanto di ferro', 'gaunt1', 1, 6, 5, 5, 5, 1, 0, 4, 0, 0, 4000, 21, 1, '1d4', 1, 10, 1),
(2115, 'Owl&prime;s Falcetto (major)', 'Usato nei campi', 'sick1', 1, 8, 5, 5, 5, 3, 0, 4, 0, 0, 4006, 21, 1, '1d6', 5, 10, 1),
(2116, 'Owl&prime;s Mezza Lancia (major)', 'Una lancia per i combattimenti ravvicinati', 'sLance1', 1, 11, 5, 5, 5, 3, 0, 4, 0, 0, 4002, 21, 1, '1d6', 3, 10, 1),
(2117, 'Owl&prime;s Morning Star (major)', 'Una palla di ferro con catena ', 'morning1', 1, 8, 5, 6, 5, 3, 0, 4, 0, 0, 4008, 21, 1, '1d6', 1, 15, 1),
(2118, 'Owl&prime;s Padded armour (major)', 'armatura leggera utile per muoversi velocemente tra i boschi', 'padded1', 1, 5, 5, 5, 5, 1, 0, 4, 0, 0, 4005, 21, 1, '1', 0, -1, 3),
(2119, 'Owl&prime;s Leather armour (major)', 'armatura di cuoio. il giusto compromesso per non penalizzare forza e destrezza', 'leather1', 1, 8, 5, 5, 5, 1, 0, 3, 0, 0, 4010, 21, 1, '2', 0, -1, 3),
(2120, 'Owl&prime;s Studded leather Armour (major)', 'Armatura di pelle borchiata. Utile per difendersi da creature piccole e veloci', 'sleather1', 1, 10, 5, 5, 5, 1, 0, 3, 0, 0, 4025, 21, 1, '3', 0, -1, 3),
(2121, 'Owl&prime;s Chain shirt armour (major)', 'maglia di ferro leggera', 'chain1', 1, -1, 5, 5, 5, 1, 0, 2, 0, 0, 4100, 21, 1, '4', 0, -1, 3),
(2122, 'Owl&prime;s Scale mail  (major)', 'Armatura a scaglie di ferro', 'scale1', 1, -1, 5, 5, 5, 5, 0, 2, 0, 0, 4050, 22, 1, '4', 0, -1, 3),
(2123, 'Owl&prime;s Chainmail Armour (major)', 'maglia di ferro pesante', 'chainmail1', 1, -1, 5, 5, 5, 5, 0, 1, 0, 0, 4150, 22, 1, '5', 0, -1, 3),
(2124, 'Owl&prime;s Breastplate  (major)', 'Armatura composta da un corpetto di piastre posizionate solo nella parte anteriore del corpo', 'breast1', 1, -1, 5, 5, 5, 5, 0, 2, 0, 0, 4200, 22, 1, '5', 0, -1, 3),
(2125, 'Owl&prime;s Splint mail  (major)', 'Armatura di maglie di ferro che copre tutto il corpo come una tunica', 'splint1', 1, -1, 5, 5, 5, 10, 0, 0, 0, 0, 4200, 23, 1, '6', 0, -1, 3),
(2126, 'Owl&prime;s Banded mail  (major)', 'Armatura a bande di ferro. Copre solo parte superiore del corpo', 'banded1', 1, -1, 5, 5, 5, 10, 0, 1, 0, 0, 4250, 23, 1, '6', 0, -1, 3),
(2127, 'Owl&prime;s Half-plate  (major)', 'Armatura di piaste', 'hplate1', 1, -1, 5, 5, 5, 10, 0, 0, 0, 0, 4600, 23, 1, '7', 0, -1, 3),
(2128, 'Owl&prime;s Full plate  (major)', 'Armatura di piastre completa', 'fplate1', 1, -1, 5, 5, 5, 10, 0, 1, 0, 0, 5000, 23, 1, '8', 0, -1, 3),
(2129, 'Owl&prime;s Buckler  (major)', 'Scudo piccolo di legno', 'buckler1', 1, 6, 5, 5, 5, 1, 0, -1, 0, 0, 4015, 21, 1, '1', 0, -1, 2),
(2130, 'Owl&prime;s Shield, light wooden  (major)', 'scudo medio di legno', 'lshieldw1', 1, 7, 5, 5, 5, 1, 0, -1, 0, 0, 4003, 21, 1, '1', 0, -1, 2),
(2131, 'Owl&prime;s Shield, light steel  (major)', 'scudo d''acciaio leggero', 'lshields1', 1, 8, 5, 5, 5, 1, 0, -1, 0, 0, 4009, 21, 1, '1', 0, -1, 2),
(2132, 'Owl&prime;s Shield, heavy wooden  (major)', 'Scudo pesante di legno', 'hshieldw1', 1, 9, 5, 5, 5, 5, 0, 3, 0, 0, 4007, 22, 1, '2', 0, -1, 2),
(2133, 'Owl&prime;s Shield, heavy steel  (major)', 'Scudo d''acciaio pesante', 'hshields1', 1, 10, 5, 5, 5, 5, 0, 3, 0, 0, 4020, 22, 1, '2', 0, -1, 2),
(2134, 'Owl&prime;s Shield, tower  (major)', 'Scudo enorme', 'tower1', 1, 15, 5, 5, 5, 10, 0, -1, 0, 0, 4030, 23, 1, '4', 0, -1, 2),
(2135, 'Cat&prime;s Pugnale (superior)', 'Una piccola lama', 'dagger1', 1, 8, 5, 5, 5, 1, 0, 0, 5, 0, 5002, 26, 1, '1d4', 2, 10, 1),
(2136, 'Cat&prime;s Martello (superior)', 'Un attrezzo da fabbro', 'hammer1', 1, 8, 5, 5, 5, 1, 0, 0, 5, 0, 5000, 26, 1, '1d3', 1, 5, 1),
(2137, 'Cat&prime;s Piccone (superior)', 'Utile per la miniera', 'picc1', 1, 9, 5, 5, 5, 1, 0, 0, 5, 0, 5004, 26, 1, '1d5', 5, 20, 1),
(2138, 'Cat&prime;s Spada corta (superior)', 'Utile per difendersi', 'sSword1', 1, 10, 5, 5, 5, 3, 0, 0, 5, 0, 5010, 26, 1, '1d6', 3, 15, 1),
(2139, 'Cat&prime;s Mazza (superior)', 'Per chi non ama le armi affilate', 'mace1', 1, 9, 5, 5, 5, 3, 0, 0, 5, 0, 5005, 26, 1, '1d5', 2, 10, 1),
(2140, 'Cat&prime;s Bastone (superior)', 'Asta rinforzata', 'staff1', 1, 10, 5, 5, 5, 3, 0, 0, 5, 0, 5000, 26, 1, '1d6', 6, 7, 1),
(2141, 'Cat&prime;s Spada lunga (superior)', 'Finalmente una vera arma', 'lSword1', 1, 11, 5, 5, 5, 5, 0, 0, 5, 0, 5015, 26, 1, '1d8', 7, 20, 1),
(2142, 'Cat&prime;s Ascia (superior)', 'Non solo per fare legna', 'axe1', 1, 12, 5, 5, 5, 5, 0, 0, 5, 0, 5010, 26, 1, '1d7', 8, 25, 1),
(2143, 'Cat&prime;s Guanto Chiodato (superior)', 'Un guanto di ferro', 'gaunt1', 1, 6, 5, 5, 5, 1, 0, 0, 5, 0, 5000, 26, 1, '1d4', 1, 10, 1),
(2144, 'Cat&prime;s Falcetto (superior)', 'Usato nei campi', 'sick1', 1, 8, 5, 5, 5, 3, 0, 0, 5, 0, 5006, 26, 1, '1d6', 5, 10, 1),
(2145, 'Cat&prime;s Mezza Lancia (superior)', 'Una lancia per i combattimenti ravvicinati', 'sLance1', 1, 11, 5, 5, 5, 3, 0, 0, 5, 0, 5002, 26, 1, '1d6', 3, 10, 1),
(2146, 'Cat&prime;s Morning Star (superior)', 'Una palla di ferro con catena ', 'morning1', 1, 8, 5, 6, 5, 3, 0, 0, 5, 0, 5008, 26, 1, '1d6', 1, 15, 1),
(2147, 'Cat&prime;s Padded armour (superior)', 'armatura leggera utile per muoversi velocemente tra i boschi', 'padded1', 1, 5, 5, 5, 5, 1, 0, 0, 5, 0, 5005, 26, 1, '1', 0, -1, 3),
(2148, 'Cat&prime;s Leather armour (superior)', 'armatura di cuoio. il giusto compromesso per non penalizzare forza e destrezza', 'leather1', 1, 8, 5, 5, 5, 1, 0, -1, 5, 0, 5010, 26, 1, '2', 0, -1, 3),
(2149, 'Cat&prime;s Studded leather Armour (superior)', 'Armatura di pelle borchiata. Utile per difendersi da creature piccole e veloci', 'sleather1', 1, 10, 5, 5, 5, 1, 0, -1, 5, 0, 5025, 26, 1, '3', 0, -1, 3),
(2150, 'Cat&prime;s Chain shirt armour (superior)', 'maglia di ferro leggera', 'chain1', 1, -1, 5, 5, 5, 1, 0, -2, 5, 0, 5100, 26, 1, '4', 0, -1, 3),
(2151, 'Cat&prime;s Scale mail  (superior)', 'Armatura a scaglie di ferro', 'scale1', 1, -1, 5, 5, 5, 5, 0, -2, 5, 0, 5050, 27, 1, '4', 0, -1, 3),
(2152, 'Cat&prime;s Chainmail Armour (superior)', 'maglia di ferro pesante', 'chainmail1', 1, -1, 5, 5, 5, 5, 0, -3, 5, 0, 5150, 27, 1, '5', 0, -1, 3),
(2153, 'Cat&prime;s Breastplate  (superior)', 'Armatura composta da un corpetto di piastre posizionate solo nella parte anteriore del corpo', 'breast1', 1, -1, 5, 5, 5, 5, 0, -2, 5, 0, 5200, 27, 1, '5', 0, -1, 3),
(2154, 'Cat&prime;s Splint mail  (superior)', 'Armatura di maglie di ferro che copre tutto il corpo come una tunica', 'splint1', 1, -1, 5, 5, 5, 10, 0, -4, 5, 0, 5200, 28, 1, '6', 0, -1, 3),
(2155, 'Cat&prime;s Banded mail  (superior)', 'Armatura a bande di ferro. Copre solo parte superiore del corpo', 'banded1', 1, -1, 5, 5, 5, 10, 0, -3, 5, 0, 5250, 28, 1, '6', 0, -1, 3),
(2156, 'Cat&prime;s Half-plate  (superior)', 'Armatura di piaste', 'hplate1', 1, -1, 5, 5, 5, 10, 0, -4, 5, 0, 5600, 28, 1, '7', 0, -1, 3),
(2157, 'Cat&prime;s Full plate  (superior)', 'Armatura di piastre completa', 'fplate1', 1, -1, 5, 5, 5, 10, 0, -3, 5, 0, 6000, 28, 1, '8', 0, -1, 3),
(2158, 'Cat&prime;s Buckler  (superior)', 'Scudo piccolo di legno', 'buckler1', 1, 6, 5, 5, 5, 1, 0, -5, 5, 0, 5015, 26, 1, '1', 0, -1, 2),
(2159, 'Cat&prime;s Shield, light wooden  (superior)', 'scudo medio di legno', 'lshieldw1', 1, 7, 5, 5, 5, 1, 0, -5, 5, 0, 5003, 26, 1, '1', 0, -1, 2),
(2160, 'Cat&prime;s Shield, light steel  (superior)', 'scudo d''acciaio leggero', 'lshields1', 1, 8, 5, 5, 5, 1, 0, -5, 5, 0, 5009, 26, 1, '1', 0, -1, 2),
(2161, 'Cat&prime;s Shield, heavy wooden  (superior)', 'Scudo pesante di legno', 'hshieldw1', 1, 9, 5, 5, 5, 5, 0, -1, 5, 0, 5007, 27, 1, '2', 0, -1, 2),
(2162, 'Cat&prime;s Shield, heavy steel  (superior)', 'Scudo d''acciaio pesante', 'hshields1', 1, 10, 5, 5, 5, 5, 0, -1, 5, 0, 5020, 27, 1, '2', 0, -1, 2),
(2163, 'Cat&prime;s Shield, tower  (superior)', 'Scudo enorme', 'tower1', 1, 15, 5, 5, 5, 10, 0, -5, 5, 0, 5030, 28, 1, '4', 0, -1, 2),
(2164, 'Boar&prime;s Pugnale (superior)', 'Una piccola lama', 'dagger1', 1, 8, 5, 5, 5, 1, 5, 0, 0, 0, 5002, 26, 1, '1d4', 2, 10, 1),
(2165, 'Boar&prime;s Martello (superior)', 'Un attrezzo da fabbro', 'hammer1', 1, 8, 5, 5, 5, 1, 5, 0, 0, 0, 5000, 26, 1, '1d3', 1, 5, 1),
(2166, 'Boar&prime;s Piccone (superior)', 'Utile per la miniera', 'picc1', 1, 9, 5, 5, 5, 1, 5, 0, 0, 0, 5004, 26, 1, '1d5', 5, 20, 1),
(2167, 'Boar&prime;s Spada corta (superior)', 'Utile per difendersi', 'sSword1', 1, 10, 5, 5, 5, 3, 5, 0, 0, 0, 5010, 26, 1, '1d6', 3, 15, 1),
(2168, 'Boar&prime;s Mazza (superior)', 'Per chi non ama le armi affilate', 'mace1', 1, 9, 5, 5, 5, 3, 5, 0, 0, 0, 5005, 26, 1, '1d5', 2, 10, 1),
(2169, 'Boar&prime;s Bastone (superior)', 'Asta rinforzata', 'staff1', 1, 10, 5, 5, 5, 3, 5, 0, 0, 0, 5000, 26, 1, '1d6', 6, 7, 1),
(2170, 'Boar&prime;s Spada lunga (superior)', 'Finalmente una vera arma', 'lSword1', 1, 11, 5, 5, 5, 5, 5, 0, 0, 0, 5015, 26, 1, '1d8', 7, 20, 1),
(2171, 'Boar&prime;s Ascia (superior)', 'Non solo per fare legna', 'axe1', 1, 12, 5, 5, 5, 5, 5, 0, 0, 0, 5010, 26, 1, '1d7', 8, 25, 1),
(2172, 'Boar&prime;s Guanto Chiodato (superior)', 'Un guanto di ferro', 'gaunt1', 1, 6, 5, 5, 5, 1, 5, 0, 0, 0, 5000, 26, 1, '1d4', 1, 10, 1),
(2173, 'Boar&prime;s Falcetto (superior)', 'Usato nei campi', 'sick1', 1, 8, 5, 5, 5, 3, 5, 0, 0, 0, 5006, 26, 1, '1d6', 5, 10, 1),
(2174, 'Boar&prime;s Mezza Lancia (superior)', 'Una lancia per i combattimenti ravvicinati', 'sLance1', 1, 11, 5, 5, 5, 3, 5, 0, 0, 0, 5002, 26, 1, '1d6', 3, 10, 1),
(2175, 'Boar&prime;s Morning Star (superior)', 'Una palla di ferro con catena ', 'morning1', 1, 8, 5, 6, 5, 3, 5, 0, 0, 0, 5008, 26, 1, '1d6', 1, 15, 1),
(2176, 'Boar&prime;s Padded armour (superior)', 'armatura leggera utile per muoversi velocemente tra i boschi', 'padded1', 1, 5, 5, 5, 5, 1, 5, 0, 0, 0, 5005, 26, 1, '1', 0, -1, 3),
(2177, 'Boar&prime;s Leather armour (superior)', 'armatura di cuoio. il giusto compromesso per non penalizzare forza e destrezza', 'leather1', 1, 8, 5, 5, 5, 1, 5, -1, 0, 0, 5010, 26, 1, '2', 0, -1, 3),
(2178, 'Boar&prime;s Studded leather Armour (superior)', 'Armatura di pelle borchiata. Utile per difendersi da creature piccole e veloci', 'sleather1', 1, 10, 5, 5, 5, 1, 5, -1, 0, 0, 5025, 26, 1, '3', 0, -1, 3),
(2179, 'Boar&prime;s Chain shirt armour (superior)', 'maglia di ferro leggera', 'chain1', 1, -1, 5, 5, 5, 1, 5, -2, 0, 0, 5100, 26, 1, '4', 0, -1, 3),
(2180, 'Boar&prime;s Scale mail  (superior)', 'Armatura a scaglie di ferro', 'scale1', 1, -1, 5, 5, 5, 5, 5, -2, 0, 0, 5050, 27, 1, '4', 0, -1, 3),
(2181, 'Boar&prime;s Chainmail Armour (superior)', 'maglia di ferro pesante', 'chainmail1', 1, -1, 5, 5, 5, 5, 5, -3, 0, 0, 5150, 27, 1, '5', 0, -1, 3),
(2182, 'Boar&prime;s Breastplate  (superior)', 'Armatura composta da un corpetto di piastre posizionate solo nella parte anteriore del corpo', 'breast1', 1, -1, 5, 5, 5, 5, 5, -2, 0, 0, 5200, 27, 1, '5', 0, -1, 3),
(2183, 'Boar&prime;s Splint mail  (superior)', 'Armatura di maglie di ferro che copre tutto il corpo come una tunica', 'splint1', 1, -1, 5, 5, 5, 10, 5, -4, 0, 0, 5200, 28, 1, '6', 0, -1, 3),
(2184, 'Boar&prime;s Banded mail  (superior)', 'Armatura a bande di ferro. Copre solo parte superiore del corpo', 'banded1', 1, -1, 5, 5, 5, 10, 5, -3, 0, 0, 5250, 28, 1, '6', 0, -1, 3),
(2185, 'Boar&prime;s Half-plate  (superior)', 'Armatura di piaste', 'hplate1', 1, -1, 5, 5, 5, 10, 5, -4, 0, 0, 5600, 28, 1, '7', 0, -1, 3),
(2186, 'Boar&prime;s Full plate  (superior)', 'Armatura di piastre completa', 'fplate1', 1, -1, 5, 5, 5, 10, 5, -3, 0, 0, 6000, 28, 1, '8', 0, -1, 3),
(2187, 'Boar&prime;s Buckler  (superior)', 'Scudo piccolo di legno', 'buckler1', 1, 6, 5, 5, 5, 1, 5, -5, 0, 0, 5015, 26, 1, '1', 0, -1, 2),
(2188, 'Boar&prime;s Shield, light wooden  (superior)', 'scudo medio di legno', 'lshieldw1', 1, 7, 5, 5, 5, 1, 5, -5, 0, 0, 5003, 26, 1, '1', 0, -1, 2),
(2189, 'Boar&prime;s Shield, light steel  (superior)', 'scudo d''acciaio leggero', 'lshields1', 1, 8, 5, 5, 5, 1, 5, -5, 0, 0, 5009, 26, 1, '1', 0, -1, 2),
(2190, 'Boar&prime;s Shield, heavy wooden  (superior)', 'Scudo pesante di legno', 'hshieldw1', 1, 9, 5, 5, 5, 5, 5, -1, 0, 0, 5007, 27, 1, '2', 0, -1, 2),
(2191, 'Boar&prime;s Shield, heavy steel  (superior)', 'Scudo d''acciaio pesante', 'hshields1', 1, 10, 5, 5, 5, 5, 5, -1, 0, 0, 5020, 27, 1, '2', 0, -1, 2),
(2192, 'Boar&prime;s Shield, tower  (superior)', 'Scudo enorme', 'tower1', 1, 15, 5, 5, 5, 10, 5, -5, 0, 0, 5030, 28, 1, '4', 0, -1, 2),
(2193, 'Fox&prime;s Pugnale (superior)', 'Una piccola lama', 'dagger1', 1, 8, 5, 5, 10, 1, 0, 0, 0, 0, 5002, 26, 1, '1d4', 2, 10, 1),
(2194, 'Fox&prime;s Martello (superior)', 'Un attrezzo da fabbro', 'hammer1', 1, 8, 5, 5, 10, 1, 0, 0, 0, 0, 5000, 26, 1, '1d3', 1, 5, 1),
(2195, 'Fox&prime;s Piccone (superior)', 'Utile per la miniera', 'picc1', 1, 9, 5, 5, 10, 1, 0, 0, 0, 0, 5004, 26, 1, '1d5', 5, 20, 1),
(2196, 'Fox&prime;s Spada corta (superior)', 'Utile per difendersi', 'sSword1', 1, 10, 5, 5, 10, 3, 0, 0, 0, 0, 5010, 26, 1, '1d6', 3, 15, 1),
(2197, 'Fox&prime;s Mazza (superior)', 'Per chi non ama le armi affilate', 'mace1', 1, 9, 5, 5, 10, 3, 0, 0, 0, 0, 5005, 26, 1, '1d5', 2, 10, 1),
(2198, 'Fox&prime;s Bastone (superior)', 'Asta rinforzata', 'staff1', 1, 10, 5, 5, 10, 3, 0, 0, 0, 0, 5000, 26, 1, '1d6', 6, 7, 1),
(2199, 'Fox&prime;s Spada lunga (superior)', 'Finalmente una vera arma', 'lSword1', 1, 11, 5, 5, 10, 5, 0, 0, 0, 0, 5015, 26, 1, '1d8', 7, 20, 1),
(2200, 'Fox&prime;s Ascia (superior)', 'Non solo per fare legna', 'axe1', 1, 12, 5, 5, 10, 5, 0, 0, 0, 0, 5010, 26, 1, '1d7', 8, 25, 1),
(2201, 'Fox&prime;s Guanto Chiodato (superior)', 'Un guanto di ferro', 'gaunt1', 1, 6, 5, 5, 10, 1, 0, 0, 0, 0, 5000, 26, 1, '1d4', 1, 10, 1),
(2202, 'Fox&prime;s Falcetto (superior)', 'Usato nei campi', 'sick1', 1, 8, 5, 5, 10, 3, 0, 0, 0, 0, 5006, 26, 1, '1d6', 5, 10, 1),
(2203, 'Fox&prime;s Mezza Lancia (superior)', 'Una lancia per i combattimenti ravvicinati', 'sLance1', 1, 11, 5, 5, 10, 3, 0, 0, 0, 0, 5002, 26, 1, '1d6', 3, 10, 1),
(2204, 'Fox&prime;s Morning Star (superior)', 'Una palla di ferro con catena ', 'morning1', 1, 8, 5, 6, 10, 3, 0, 0, 0, 0, 5008, 26, 1, '1d6', 1, 15, 1),
(2205, 'Fox&prime;s Padded armour (superior)', 'armatura leggera utile per muoversi velocemente tra i boschi', 'padded1', 1, 5, 5, 5, 10, 1, 0, 0, 0, 0, 5005, 26, 1, '1', 0, -1, 3),
(2206, 'Fox&prime;s Leather armour (superior)', 'armatura di cuoio. il giusto compromesso per non penalizzare forza e destrezza', 'leather1', 1, 8, 5, 5, 10, 1, 0, -1, 0, 0, 5010, 26, 1, '2', 0, -1, 3),
(2207, 'Fox&prime;s Studded leather Armour (superior)', 'Armatura di pelle borchiata. Utile per difendersi da creature piccole e veloci', 'sleather1', 1, 10, 5, 5, 10, 1, 0, -1, 0, 0, 5025, 26, 1, '3', 0, -1, 3),
(2208, 'Fox&prime;s Chain shirt armour (superior)', 'maglia di ferro leggera', 'chain1', 1, -1, 5, 5, 10, 1, 0, -2, 0, 0, 5100, 26, 1, '4', 0, -1, 3),
(2209, 'Fox&prime;s Scale mail  (superior)', 'Armatura a scaglie di ferro', 'scale1', 1, -1, 5, 5, 10, 5, 0, -2, 0, 0, 5050, 27, 1, '4', 0, -1, 3),
(2210, 'Fox&prime;s Chainmail Armour (superior)', 'maglia di ferro pesante', 'chainmail1', 1, -1, 5, 5, 10, 5, 0, -3, 0, 0, 5150, 27, 1, '5', 0, -1, 3),
(2211, 'Fox&prime;s Breastplate  (superior)', 'Armatura composta da un corpetto di piastre posizionate solo nella parte anteriore del corpo', 'breast1', 1, -1, 5, 5, 10, 5, 0, -2, 0, 0, 5200, 27, 1, '5', 0, -1, 3),
(2212, 'Fox&prime;s Splint mail  (superior)', 'Armatura di maglie di ferro che copre tutto il corpo come una tunica', 'splint1', 1, -1, 5, 5, 10, 10, 0, -4, 0, 0, 5200, 28, 1, '6', 0, -1, 3),
(2213, 'Fox&prime;s Banded mail  (superior)', 'Armatura a bande di ferro. Copre solo parte superiore del corpo', 'banded1', 1, -1, 5, 5, 10, 10, 0, -3, 0, 0, 5250, 28, 1, '6', 0, -1, 3),
(2214, 'Fox&prime;s Half-plate  (superior)', 'Armatura di piaste', 'hplate1', 1, -1, 5, 5, 10, 10, 0, -4, 0, 0, 5600, 28, 1, '7', 0, -1, 3),
(2215, 'Fox&prime;s Full plate  (superior)', 'Armatura di piastre completa', 'fplate1', 1, -1, 5, 5, 10, 10, 0, -3, 0, 0, 6000, 28, 1, '8', 0, -1, 3),
(2216, 'Fox&prime;s Buckler  (superior)', 'Scudo piccolo di legno', 'buckler1', 1, 6, 5, 5, 10, 1, 0, -5, 0, 0, 5015, 26, 1, '1', 0, -1, 2),
(2217, 'Fox&prime;s Shield, light wooden  (superior)', 'scudo medio di legno', 'lshieldw1', 1, 7, 5, 5, 10, 1, 0, -5, 0, 0, 5003, 26, 1, '1', 0, -1, 2),
(2218, 'Fox&prime;s Shield, light steel  (superior)', 'scudo d''acciaio leggero', 'lshields1', 1, 8, 5, 5, 10, 1, 0, -5, 0, 0, 5009, 26, 1, '1', 0, -1, 2),
(2219, 'Fox&prime;s Shield, heavy wooden  (superior)', 'Scudo pesante di legno', 'hshieldw1', 1, 9, 5, 5, 10, 5, 0, -1, 0, 0, 5007, 27, 1, '2', 0, -1, 2),
(2220, 'Fox&prime;s Shield, heavy steel  (superior)', 'Scudo d''acciaio pesante', 'hshields1', 1, 10, 5, 5, 10, 5, 0, -1, 0, 0, 5020, 27, 1, '2', 0, -1, 2),
(2221, 'Fox&prime;s Shield, tower  (superior)', 'Scudo enorme', 'tower1', 1, 15, 5, 5, 10, 10, 0, -5, 0, 0, 5030, 28, 1, '4', 0, -1, 2),
(2222, 'Owl&prime;s Pugnale (superior)', 'Una piccola lama', 'dagger1', 1, 8, 5, 5, 5, 1, 0, 5, 0, 0, 5002, 26, 1, '1d4', 2, 10, 1),
(2223, 'Owl&prime;s Martello (superior)', 'Un attrezzo da fabbro', 'hammer1', 1, 8, 5, 5, 5, 1, 0, 5, 0, 0, 5000, 26, 1, '1d3', 1, 5, 1),
(2224, 'Owl&prime;s Piccone (superior)', 'Utile per la miniera', 'picc1', 1, 9, 5, 5, 5, 1, 0, 5, 0, 0, 5004, 26, 1, '1d5', 5, 20, 1),
(2225, 'Owl&prime;s Spada corta (superior)', 'Utile per difendersi', 'sSword1', 1, 10, 5, 5, 5, 3, 0, 5, 0, 0, 5010, 26, 1, '1d6', 3, 15, 1),
(2226, 'Owl&prime;s Mazza (superior)', 'Per chi non ama le armi affilate', 'mace1', 1, 9, 5, 5, 5, 3, 0, 5, 0, 0, 5005, 26, 1, '1d5', 2, 10, 1),
(2227, 'Owl&prime;s Bastone (superior)', 'Asta rinforzata', 'staff1', 1, 10, 5, 5, 5, 3, 0, 5, 0, 0, 5000, 26, 1, '1d6', 6, 7, 1),
(2228, 'Owl&prime;s Spada lunga (superior)', 'Finalmente una vera arma', 'lSword1', 1, 11, 5, 5, 5, 5, 0, 5, 0, 0, 5015, 26, 1, '1d8', 7, 20, 1),
(2229, 'Owl&prime;s Ascia (superior)', 'Non solo per fare legna', 'axe1', 1, 12, 5, 5, 5, 5, 0, 5, 0, 0, 5010, 26, 1, '1d7', 8, 25, 1),
(2230, 'Owl&prime;s Guanto Chiodato (superior)', 'Un guanto di ferro', 'gaunt1', 1, 6, 5, 5, 5, 1, 0, 5, 0, 0, 5000, 26, 1, '1d4', 1, 10, 1),
(2231, 'Owl&prime;s Falcetto (superior)', 'Usato nei campi', 'sick1', 1, 8, 5, 5, 5, 3, 0, 5, 0, 0, 5006, 26, 1, '1d6', 5, 10, 1),
(2232, 'Owl&prime;s Mezza Lancia (superior)', 'Una lancia per i combattimenti ravvicinati', 'sLance1', 1, 11, 5, 5, 5, 3, 0, 5, 0, 0, 5002, 26, 1, '1d6', 3, 10, 1),
(2233, 'Owl&prime;s Morning Star (superior)', 'Una palla di ferro con catena ', 'morning1', 1, 8, 5, 6, 5, 3, 0, 5, 0, 0, 5008, 26, 1, '1d6', 1, 15, 1),
(2234, 'Owl&prime;s Padded armour (superior)', 'armatura leggera utile per muoversi velocemente tra i boschi', 'padded1', 1, 5, 5, 5, 5, 1, 0, 5, 0, 0, 5005, 26, 1, '1', 0, -1, 3),
(2235, 'Owl&prime;s Leather armour (superior)', 'armatura di cuoio. il giusto compromesso per non penalizzare forza e destrezza', 'leather1', 1, 8, 5, 5, 5, 1, 0, 4, 0, 0, 5010, 26, 1, '2', 0, -1, 3),
(2236, 'Owl&prime;s Studded leather Armour (superior)', 'Armatura di pelle borchiata. Utile per difendersi da creature piccole e veloci', 'sleather1', 1, 10, 5, 5, 5, 1, 0, 4, 0, 0, 5025, 26, 1, '3', 0, -1, 3),
(2237, 'Owl&prime;s Chain shirt armour (superior)', 'maglia di ferro leggera', 'chain1', 1, -1, 5, 5, 5, 1, 0, 3, 0, 0, 5100, 26, 1, '4', 0, -1, 3),
(2238, 'Owl&prime;s Scale mail  (superior)', 'Armatura a scaglie di ferro', 'scale1', 1, -1, 5, 5, 5, 5, 0, 3, 0, 0, 5050, 27, 1, '4', 0, -1, 3),
(2239, 'Owl&prime;s Chainmail Armour (superior)', 'maglia di ferro pesante', 'chainmail1', 1, -1, 5, 5, 5, 5, 0, 2, 0, 0, 5150, 27, 1, '5', 0, -1, 3),
(2240, 'Owl&prime;s Breastplate  (superior)', 'Armatura composta da un corpetto di piastre posizionate solo nella parte anteriore del corpo', 'breast1', 1, -1, 5, 5, 5, 5, 0, 3, 0, 0, 5200, 27, 1, '5', 0, -1, 3),
(2241, 'Owl&prime;s Splint mail  (superior)', 'Armatura di maglie di ferro che copre tutto il corpo come una tunica', 'splint1', 1, -1, 5, 5, 5, 10, 0, 1, 0, 0, 5200, 28, 1, '6', 0, -1, 3),
(2242, 'Owl&prime;s Banded mail  (superior)', 'Armatura a bande di ferro. Copre solo parte superiore del corpo', 'banded1', 1, -1, 5, 5, 5, 10, 0, 2, 0, 0, 5250, 28, 1, '6', 0, -1, 3),
(2243, 'Owl&prime;s Half-plate  (superior)', 'Armatura di piaste', 'hplate1', 1, -1, 5, 5, 5, 10, 0, 1, 0, 0, 5600, 28, 1, '7', 0, -1, 3),
(2244, 'Owl&prime;s Full plate  (superior)', 'Armatura di piastre completa', 'fplate1', 1, -1, 5, 5, 5, 10, 0, 2, 0, 0, 6000, 28, 1, '8', 0, -1, 3),
(2245, 'Owl&prime;s Buckler  (superior)', 'Scudo piccolo di legno', 'buckler1', 1, 6, 5, 5, 5, 1, 0, 0, 0, 0, 5015, 26, 1, '1', 0, -1, 2),
(2246, 'Owl&prime;s Shield, light wooden  (superior)', 'scudo medio di legno', 'lshieldw1', 1, 7, 5, 5, 5, 1, 0, 0, 0, 0, 5003, 26, 1, '1', 0, -1, 2),
(2247, 'Owl&prime;s Shield, light steel  (superior)', 'scudo d''acciaio leggero', 'lshields1', 1, 8, 5, 5, 5, 1, 0, 0, 0, 0, 5009, 26, 1, '1', 0, -1, 2),
(2248, 'Owl&prime;s Shield, heavy wooden  (superior)', 'Scudo pesante di legno', 'hshieldw1', 1, 9, 5, 5, 5, 5, 0, 4, 0, 0, 5007, 27, 1, '2', 0, -1, 2),
(2249, 'Owl&prime;s Shield, heavy steel  (superior)', 'Scudo d''acciaio pesante', 'hshields1', 1, 10, 5, 5, 5, 5, 0, 4, 0, 0, 5020, 27, 1, '2', 0, -1, 2),
(2250, 'Owl&prime;s Shield, tower  (superior)', 'Scudo enorme', 'tower1', 1, 15, 5, 5, 5, 10, 0, 0, 0, 0, 5030, 28, 1, '4', 0, -1, 2),
(2251, 'Elf&prime;s Pugnale (lesser)', 'Una piccola lama', 'dagger2', 1, 8, 5, 5, 5, 1, 0, 0, 6, 0, 6002, 31, 1, '1d4', 2, 10, 1),
(2252, 'Elf&prime;s Martello (lesser)', 'Un attrezzo da fabbro', 'hammer2', 1, 8, 5, 5, 5, 1, 0, 0, 6, 0, 6000, 31, 1, '1d3', 1, 5, 1),
(2253, 'Elf&prime;s Piccone (lesser)', 'Utile per la miniera', 'picc2', 1, 9, 5, 5, 5, 1, 0, 0, 6, 0, 6004, 31, 1, '1d5', 5, 20, 1),
(2254, 'Elf&prime;s Spada corta (lesser)', 'Utile per difendersi', 'sSword2', 1, 10, 5, 5, 5, 3, 0, 0, 6, 0, 6010, 31, 1, '1d6', 3, 15, 1),
(2255, 'Elf&prime;s Mazza (lesser)', 'Per chi non ama le armi affilate', 'mace2', 1, 9, 5, 5, 5, 3, 0, 0, 6, 0, 6005, 31, 1, '1d5', 2, 10, 1),
(2256, 'Elf&prime;s Bastone (lesser)', 'Asta rinforzata', 'staff2', 1, 10, 5, 5, 5, 3, 0, 0, 6, 0, 6000, 31, 1, '1d6', 6, 7, 1),
(2257, 'Elf&prime;s Spada lunga (lesser)', 'Finalmente una vera arma', 'lSword2', 1, 11, 5, 5, 5, 5, 0, 0, 6, 0, 6015, 31, 1, '1d8', 7, 20, 1),
(2258, 'Elf&prime;s Ascia (lesser)', 'Non solo per fare legna', 'axe2', 1, 12, 5, 5, 5, 5, 0, 0, 6, 0, 6010, 31, 1, '1d7', 8, 25, 1),
(2259, 'Elf&prime;s Guanto Chiodato (lesser)', 'Un guanto di ferro', 'gaunt2', 1, 6, 5, 5, 5, 1, 0, 0, 6, 0, 6000, 31, 1, '1d4', 1, 10, 1),
(2260, 'Elf&prime;s Falcetto (lesser)', 'Usato nei campi', 'sick2', 1, 8, 5, 5, 5, 3, 0, 0, 6, 0, 6006, 31, 1, '1d6', 5, 10, 1),
(2261, 'Elf&prime;s Mezza Lancia (lesser)', 'Una lancia per i combattimenti ravvicinati', 'sLance2', 1, 11, 5, 5, 5, 3, 0, 0, 6, 0, 6002, 31, 1, '1d6', 3, 10, 1),
(2262, 'Elf&prime;s Morning Star (lesser)', 'Una palla di ferro con catena ', 'morning2', 1, 8, 5, 6, 5, 3, 0, 0, 6, 0, 6008, 31, 1, '1d6', 1, 15, 1),
(2263, 'Elf&prime;s Padded armour (lesser)', 'armatura leggera utile per muoversi velocemente tra i boschi', 'padded2', 1, 5, 5, 5, 5, 1, 0, 0, 6, 0, 6005, 31, 1, '1', 0, -1, 3),
(2264, 'Elf&prime;s Leather armour (lesser)', 'armatura di cuoio. il giusto compromesso per non penalizzare forza e destrezza', 'leather2', 1, 8, 5, 5, 5, 1, 0, -1, 6, 0, 6010, 31, 1, '2', 0, -1, 3),
(2265, 'Elf&prime;s Studded leather Armour (lesser)', 'Armatura di pelle borchiata. Utile per difendersi da creature piccole e veloci', 'sleather2', 1, 10, 5, 5, 5, 1, 0, -1, 6, 0, 6025, 31, 1, '3', 0, -1, 3),
(2266, 'Elf&prime;s Chain shirt armour (lesser)', 'maglia di ferro leggera', 'chain2', 1, -1, 5, 5, 5, 1, 0, -2, 6, 0, 6100, 31, 1, '4', 0, -1, 3),
(2267, 'Elf&prime;s Scale mail  (lesser)', 'Armatura a scaglie di ferro', 'scale2', 1, -1, 5, 5, 5, 5, 0, -2, 6, 0, 6050, 32, 1, '4', 0, -1, 3),
(2268, 'Elf&prime;s Chainmail Armour (lesser)', 'maglia di ferro pesante', 'chainmail2', 1, -1, 5, 5, 5, 5, 0, -3, 6, 0, 6150, 32, 1, '5', 0, -1, 3),
(2269, 'Elf&prime;s Breastplate  (lesser)', 'Armatura composta da un corpetto di piastre posizionate solo nella parte anteriore del corpo', 'breast2', 1, -1, 5, 5, 5, 5, 0, -2, 6, 0, 6200, 32, 1, '5', 0, -1, 3),
(2270, 'Elf&prime;s Splint mail  (lesser)', 'Armatura di maglie di ferro che copre tutto il corpo come una tunica', 'splint2', 1, -1, 5, 5, 5, 10, 0, -4, 6, 0, 6200, 33, 1, '6', 0, -1, 3),
(2271, 'Elf&prime;s Banded mail  (lesser)', 'Armatura a bande di ferro. Copre solo parte superiore del corpo', 'banded2', 1, -1, 5, 5, 5, 10, 0, -3, 6, 0, 6250, 33, 1, '6', 0, -1, 3),
(2272, 'Elf&prime;s Half-plate  (lesser)', 'Armatura di piaste', 'hplate2', 1, -1, 5, 5, 5, 10, 0, -4, 6, 0, 6600, 33, 1, '7', 0, -1, 3),
(2273, 'Elf&prime;s Full plate  (lesser)', 'Armatura di piastre completa', 'fplate2', 1, -1, 5, 5, 5, 10, 0, -3, 6, 0, 7000, 33, 1, '8', 0, -1, 3),
(2274, 'Elf&prime;s Buckler  (lesser)', 'Scudo piccolo di legno', 'buckler2', 1, 6, 5, 5, 5, 1, 0, -5, 6, 0, 6015, 31, 1, '1', 0, -1, 2),
(2275, 'Elf&prime;s Shield, light wooden  (lesser)', 'scudo medio di legno', 'lshieldw2', 1, 7, 5, 5, 5, 1, 0, -5, 6, 0, 6003, 31, 1, '1', 0, -1, 2),
(2276, 'Elf&prime;s Shield, light steel  (lesser)', 'scudo d''acciaio leggero', 'lshields2', 1, 8, 5, 5, 5, 1, 0, -5, 6, 0, 6009, 31, 1, '1', 0, -1, 2),
(2277, 'Elf&prime;s Shield, heavy wooden  (lesser)', 'Scudo pesante di legno', 'hshieldw2', 1, 9, 5, 5, 5, 5, 0, -1, 6, 0, 6007, 32, 1, '2', 0, -1, 2),
(2278, 'Elf&prime;s Shield, heavy steel  (lesser)', 'Scudo d''acciaio pesante', 'hshields2', 1, 10, 5, 5, 5, 5, 0, -1, 6, 0, 6020, 32, 1, '2', 0, -1, 2),
(2279, 'Elf&prime;s Shield, tower  (lesser)', 'Scudo enorme', 'tower2', 1, 15, 5, 5, 5, 10, 0, -5, 6, 0, 6030, 33, 1, '4', 0, -1, 2),
(2280, 'Giant&prime;s Pugnale (lesser)', 'Una piccola lama', 'dagger2', 1, 8, 5, 5, 5, 1, 6, 0, 0, 0, 6002, 31, 1, '1d4', 2, 10, 1),
(2281, 'Giant&prime;s Martello (lesser)', 'Un attrezzo da fabbro', 'hammer2', 1, 8, 5, 5, 5, 1, 6, 0, 0, 0, 6000, 31, 1, '1d3', 1, 5, 1),
(2282, 'Giant&prime;s Piccone (lesser)', 'Utile per la miniera', 'picc2', 1, 9, 5, 5, 5, 1, 6, 0, 0, 0, 6004, 31, 1, '1d5', 5, 20, 1),
(2283, 'Giant&prime;s Spada corta (lesser)', 'Utile per difendersi', 'sSword2', 1, 10, 5, 5, 5, 3, 6, 0, 0, 0, 6010, 31, 1, '1d6', 3, 15, 1),
(2284, 'Giant&prime;s Mazza (lesser)', 'Per chi non ama le armi affilate', 'mace2', 1, 9, 5, 5, 5, 3, 6, 0, 0, 0, 6005, 31, 1, '1d5', 2, 10, 1),
(2285, 'Giant&prime;s Bastone (lesser)', 'Asta rinforzata', 'staff2', 1, 10, 5, 5, 5, 3, 6, 0, 0, 0, 6000, 31, 1, '1d6', 6, 7, 1),
(2286, 'Giant&prime;s Spada lunga (lesser)', 'Finalmente una vera arma', 'lSword2', 1, 11, 5, 5, 5, 5, 6, 0, 0, 0, 6015, 31, 1, '1d8', 7, 20, 1),
(2287, 'Giant&prime;s Ascia (lesser)', 'Non solo per fare legna', 'axe2', 1, 12, 5, 5, 5, 5, 6, 0, 0, 0, 6010, 31, 1, '1d7', 8, 25, 1),
(2288, 'Giant&prime;s Guanto Chiodato (lesser)', 'Un guanto di ferro', 'gaunt2', 1, 6, 5, 5, 5, 1, 6, 0, 0, 0, 6000, 31, 1, '1d4', 1, 10, 1),
(2289, 'Giant&prime;s Falcetto (lesser)', 'Usato nei campi', 'sick2', 1, 8, 5, 5, 5, 3, 6, 0, 0, 0, 6006, 31, 1, '1d6', 5, 10, 1),
(2290, 'Giant&prime;s Mezza Lancia (lesser)', 'Una lancia per i combattimenti ravvicinati', 'sLance2', 1, 11, 5, 5, 5, 3, 6, 0, 0, 0, 6002, 31, 1, '1d6', 3, 10, 1),
(2291, 'Giant&prime;s Morning Star (lesser)', 'Una palla di ferro con catena ', 'morning2', 1, 8, 5, 6, 5, 3, 6, 0, 0, 0, 6008, 31, 1, '1d6', 1, 15, 1),
(2292, 'Giant&prime;s Padded armour (lesser)', 'armatura leggera utile per muoversi velocemente tra i boschi', 'padded2', 1, 5, 5, 5, 5, 1, 6, 0, 0, 0, 6005, 31, 1, '1', 0, -1, 3),
(2293, 'Giant&prime;s Leather armour (lesser)', 'armatura di cuoio. il giusto compromesso per non penalizzare forza e destrezza', 'leather2', 1, 8, 5, 5, 5, 1, 6, -1, 0, 0, 6010, 31, 1, '2', 0, -1, 3),
(2294, 'Giant&prime;s Studded leather Armour (lesser)', 'Armatura di pelle borchiata. Utile per difendersi da creature piccole e veloci', 'sleather2', 1, 10, 5, 5, 5, 1, 6, -1, 0, 0, 6025, 31, 1, '3', 0, -1, 3),
(2295, 'Giant&prime;s Chain shirt armour (lesser)', 'maglia di ferro leggera', 'chain2', 1, -1, 5, 5, 5, 1, 6, -2, 0, 0, 6100, 31, 1, '4', 0, -1, 3),
(2296, 'Giant&prime;s Scale mail  (lesser)', 'Armatura a scaglie di ferro', 'scale2', 1, -1, 5, 5, 5, 5, 6, -2, 0, 0, 6050, 32, 1, '4', 0, -1, 3),
(2297, 'Giant&prime;s Chainmail Armour (lesser)', 'maglia di ferro pesante', 'chainmail2', 1, -1, 5, 5, 5, 5, 6, -3, 0, 0, 6150, 32, 1, '5', 0, -1, 3),
(2298, 'Giant&prime;s Breastplate  (lesser)', 'Armatura composta da un corpetto di piastre posizionate solo nella parte anteriore del corpo', 'breast2', 1, -1, 5, 5, 5, 5, 6, -2, 0, 0, 6200, 32, 1, '5', 0, -1, 3),
(2299, 'Giant&prime;s Splint mail  (lesser)', 'Armatura di maglie di ferro che copre tutto il corpo come una tunica', 'splint2', 1, -1, 5, 5, 5, 10, 6, -4, 0, 0, 6200, 33, 1, '6', 0, -1, 3),
(2300, 'Giant&prime;s Banded mail  (lesser)', 'Armatura a bande di ferro. Copre solo parte superiore del corpo', 'banded2', 1, -1, 5, 5, 5, 10, 6, -3, 0, 0, 6250, 33, 1, '6', 0, -1, 3),
(2301, 'Giant&prime;s Half-plate  (lesser)', 'Armatura di piaste', 'hplate2', 1, -1, 5, 5, 5, 10, 6, -4, 0, 0, 6600, 33, 1, '7', 0, -1, 3),
(2302, 'Giant&prime;s Full plate  (lesser)', 'Armatura di piastre completa', 'fplate2', 1, -1, 5, 5, 5, 10, 6, -3, 0, 0, 7000, 33, 1, '8', 0, -1, 3),
(2303, 'Giant&prime;s Buckler  (lesser)', 'Scudo piccolo di legno', 'buckler2', 1, 6, 5, 5, 5, 1, 6, -5, 0, 0, 6015, 31, 1, '1', 0, -1, 2),
(2304, 'Giant&prime;s Shield, light wooden  (lesser)', 'scudo medio di legno', 'lshieldw2', 1, 7, 5, 5, 5, 1, 6, -5, 0, 0, 6003, 31, 1, '1', 0, -1, 2),
(2305, 'Giant&prime;s Shield, light steel  (lesser)', 'scudo d''acciaio leggero', 'lshields2', 1, 8, 5, 5, 5, 1, 6, -5, 0, 0, 6009, 31, 1, '1', 0, -1, 2),
(2306, 'Giant&prime;s Shield, heavy wooden  (lesser)', 'Scudo pesante di legno', 'hshieldw2', 1, 9, 5, 5, 5, 5, 6, -1, 0, 0, 6007, 32, 1, '2', 0, -1, 2),
(2307, 'Giant&prime;s Shield, heavy steel  (lesser)', 'Scudo d''acciaio pesante', 'hshields2', 1, 10, 5, 5, 5, 5, 6, -1, 0, 0, 6020, 32, 1, '2', 0, -1, 2);
INSERT INTO `Item` (`id`, `name`, `description`, `image`, `costAP`, `req_str`, `req_int`, `req_dex`, `req_cha`, `req_lev`, `mod_str`, `mod_int`, `mod_dex`, `mod_cha`, `price`, `level`, `spell`, `damage`, `initiative`, `durability`, `type`) VALUES
(2308, 'Giant&prime;s Shield, tower  (lesser)', 'Scudo enorme', 'tower2', 1, 15, 5, 5, 5, 10, 6, -5, 0, 0, 6030, 33, 1, '4', 0, -1, 2),
(2309, 'Leprechaun&prime;s Pugnale (lesser)', 'Una piccola lama', 'dagger2', 1, 8, 5, 5, 11, 1, 0, 0, 0, 0, 6002, 31, 1, '1d4', 2, 10, 1),
(2310, 'Leprechaun&prime;s Martello (lesser)', 'Un attrezzo da fabbro', 'hammer2', 1, 8, 5, 5, 11, 1, 0, 0, 0, 0, 6000, 31, 1, '1d3', 1, 5, 1),
(2311, 'Leprechaun&prime;s Piccone (lesser)', 'Utile per la miniera', 'picc2', 1, 9, 5, 5, 11, 1, 0, 0, 0, 0, 6004, 31, 1, '1d5', 5, 20, 1),
(2312, 'Leprechaun&prime;s Spada corta (lesser)', 'Utile per difendersi', 'sSword2', 1, 10, 5, 5, 11, 3, 0, 0, 0, 0, 6010, 31, 1, '1d6', 3, 15, 1),
(2313, 'Leprechaun&prime;s Mazza (lesser)', 'Per chi non ama le armi affilate', 'mace2', 1, 9, 5, 5, 11, 3, 0, 0, 0, 0, 6005, 31, 1, '1d5', 2, 10, 1),
(2314, 'Leprechaun&prime;s Bastone (lesser)', 'Asta rinforzata', 'staff2', 1, 10, 5, 5, 11, 3, 0, 0, 0, 0, 6000, 31, 1, '1d6', 6, 7, 1),
(2315, 'Leprechaun&prime;s Spada lunga (lesser)', 'Finalmente una vera arma', 'lSword2', 1, 11, 5, 5, 11, 5, 0, 0, 0, 0, 6015, 31, 1, '1d8', 7, 20, 1),
(2316, 'Leprechaun&prime;s Ascia (lesser)', 'Non solo per fare legna', 'axe2', 1, 12, 5, 5, 11, 5, 0, 0, 0, 0, 6010, 31, 1, '1d7', 8, 25, 1),
(2317, 'Leprechaun&prime;s Guanto Chiodato (lesser)', 'Un guanto di ferro', 'gaunt2', 1, 6, 5, 5, 11, 1, 0, 0, 0, 0, 6000, 31, 1, '1d4', 1, 10, 1),
(2318, 'Leprechaun&prime;s Falcetto (lesser)', 'Usato nei campi', 'sick2', 1, 8, 5, 5, 11, 3, 0, 0, 0, 0, 6006, 31, 1, '1d6', 5, 10, 1),
(2319, 'Leprechaun&prime;s Mezza Lancia (lesser)', 'Una lancia per i combattimenti ravvicinati', 'sLance2', 1, 11, 5, 5, 11, 3, 0, 0, 0, 0, 6002, 31, 1, '1d6', 3, 10, 1),
(2320, 'Leprechaun&prime;s Morning Star (lesser)', 'Una palla di ferro con catena ', 'morning2', 1, 8, 5, 6, 11, 3, 0, 0, 0, 0, 6008, 31, 1, '1d6', 1, 15, 1),
(2321, 'Leprechaun&prime;s Padded armour (lesser)', 'armatura leggera utile per muoversi velocemente tra i boschi', 'padded2', 1, 5, 5, 5, 11, 1, 0, 0, 0, 0, 6005, 31, 1, '1', 0, -1, 3),
(2322, 'Leprechaun&prime;s Leather armour (lesser)', 'armatura di cuoio. il giusto compromesso per non penalizzare forza e destrezza', 'leather2', 1, 8, 5, 5, 11, 1, 0, -1, 0, 0, 6010, 31, 1, '2', 0, -1, 3),
(2323, 'Leprechaun&prime;s Studded leather Armour (lesser)', 'Armatura di pelle borchiata. Utile per difendersi da creature piccole e veloci', 'sleather2', 1, 10, 5, 5, 11, 1, 0, -1, 0, 0, 6025, 31, 1, '3', 0, -1, 3),
(2324, 'Leprechaun&prime;s Chain shirt armour (lesser)', 'maglia di ferro leggera', 'chain2', 1, -1, 5, 5, 11, 1, 0, -2, 0, 0, 6100, 31, 1, '4', 0, -1, 3),
(2325, 'Leprechaun&prime;s Scale mail  (lesser)', 'Armatura a scaglie di ferro', 'scale2', 1, -1, 5, 5, 11, 5, 0, -2, 0, 0, 6050, 32, 1, '4', 0, -1, 3),
(2326, 'Leprechaun&prime;s Chainmail Armour (lesser)', 'maglia di ferro pesante', 'chainmail2', 1, -1, 5, 5, 11, 5, 0, -3, 0, 0, 6150, 32, 1, '5', 0, -1, 3),
(2327, 'Leprechaun&prime;s Breastplate  (lesser)', 'Armatura composta da un corpetto di piastre posizionate solo nella parte anteriore del corpo', 'breast2', 1, -1, 5, 5, 11, 5, 0, -2, 0, 0, 6200, 32, 1, '5', 0, -1, 3),
(2328, 'Leprechaun&prime;s Splint mail  (lesser)', 'Armatura di maglie di ferro che copre tutto il corpo come una tunica', 'splint2', 1, -1, 5, 5, 11, 10, 0, -4, 0, 0, 6200, 33, 1, '6', 0, -1, 3),
(2329, 'Leprechaun&prime;s Banded mail  (lesser)', 'Armatura a bande di ferro. Copre solo parte superiore del corpo', 'banded2', 1, -1, 5, 5, 11, 10, 0, -3, 0, 0, 6250, 33, 1, '6', 0, -1, 3),
(2330, 'Leprechaun&prime;s Half-plate  (lesser)', 'Armatura di piaste', 'hplate2', 1, -1, 5, 5, 11, 10, 0, -4, 0, 0, 6600, 33, 1, '7', 0, -1, 3),
(2331, 'Leprechaun&prime;s Full plate  (lesser)', 'Armatura di piastre completa', 'fplate2', 1, -1, 5, 5, 11, 10, 0, -3, 0, 0, 7000, 33, 1, '8', 0, -1, 3),
(2332, 'Leprechaun&prime;s Buckler  (lesser)', 'Scudo piccolo di legno', 'buckler2', 1, 6, 5, 5, 11, 1, 0, -5, 0, 0, 6015, 31, 1, '1', 0, -1, 2),
(2333, 'Leprechaun&prime;s Shield, light wooden  (lesser)', 'scudo medio di legno', 'lshieldw2', 1, 7, 5, 5, 11, 1, 0, -5, 0, 0, 6003, 31, 1, '1', 0, -1, 2),
(2334, 'Leprechaun&prime;s Shield, light steel  (lesser)', 'scudo d''acciaio leggero', 'lshields2', 1, 8, 5, 5, 11, 1, 0, -5, 0, 0, 6009, 31, 1, '1', 0, -1, 2),
(2335, 'Leprechaun&prime;s Shield, heavy wooden  (lesser)', 'Scudo pesante di legno', 'hshieldw2', 1, 9, 5, 5, 11, 5, 0, -1, 0, 0, 6007, 32, 1, '2', 0, -1, 2),
(2336, 'Leprechaun&prime;s Shield, heavy steel  (lesser)', 'Scudo d''acciaio pesante', 'hshields2', 1, 10, 5, 5, 11, 5, 0, -1, 0, 0, 6020, 32, 1, '2', 0, -1, 2),
(2337, 'Leprechaun&prime;s Shield, tower  (lesser)', 'Scudo enorme', 'tower2', 1, 15, 5, 5, 11, 10, 0, -5, 0, 0, 6030, 33, 1, '4', 0, -1, 2),
(2338, 'Elder&prime;s Pugnale (lesser)', 'Una piccola lama', 'dagger2', 1, 8, 5, 5, 5, 1, 0, 6, 0, 0, 6002, 31, 1, '1d4', 2, 10, 1),
(2339, 'Elder&prime;s Martello (lesser)', 'Un attrezzo da fabbro', 'hammer2', 1, 8, 5, 5, 5, 1, 0, 6, 0, 0, 6000, 31, 1, '1d3', 1, 5, 1),
(2340, 'Elder&prime;s Piccone (lesser)', 'Utile per la miniera', 'picc2', 1, 9, 5, 5, 5, 1, 0, 6, 0, 0, 6004, 31, 1, '1d5', 5, 20, 1),
(2341, 'Elder&prime;s Spada corta (lesser)', 'Utile per difendersi', 'sSword2', 1, 10, 5, 5, 5, 3, 0, 6, 0, 0, 6010, 31, 1, '1d6', 3, 15, 1),
(2342, 'Elder&prime;s Mazza (lesser)', 'Per chi non ama le armi affilate', 'mace2', 1, 9, 5, 5, 5, 3, 0, 6, 0, 0, 6005, 31, 1, '1d5', 2, 10, 1),
(2343, 'Elder&prime;s Bastone (lesser)', 'Asta rinforzata', 'staff2', 1, 10, 5, 5, 5, 3, 0, 6, 0, 0, 6000, 31, 1, '1d6', 6, 7, 1),
(2344, 'Elder&prime;s Spada lunga (lesser)', 'Finalmente una vera arma', 'lSword2', 1, 11, 5, 5, 5, 5, 0, 6, 0, 0, 6015, 31, 1, '1d8', 7, 20, 1),
(2345, 'Elder&prime;s Ascia (lesser)', 'Non solo per fare legna', 'axe2', 1, 12, 5, 5, 5, 5, 0, 6, 0, 0, 6010, 31, 1, '1d7', 8, 25, 1),
(2346, 'Elder&prime;s Guanto Chiodato (lesser)', 'Un guanto di ferro', 'gaunt2', 1, 6, 5, 5, 5, 1, 0, 6, 0, 0, 6000, 31, 1, '1d4', 1, 10, 1),
(2347, 'Elder&prime;s Falcetto (lesser)', 'Usato nei campi', 'sick2', 1, 8, 5, 5, 5, 3, 0, 6, 0, 0, 6006, 31, 1, '1d6', 5, 10, 1),
(2348, 'Elder&prime;s Mezza Lancia (lesser)', 'Una lancia per i combattimenti ravvicinati', 'sLance2', 1, 11, 5, 5, 5, 3, 0, 6, 0, 0, 6002, 31, 1, '1d6', 3, 10, 1),
(2349, 'Elder&prime;s Morning Star (lesser)', 'Una palla di ferro con catena ', 'morning2', 1, 8, 5, 6, 5, 3, 0, 6, 0, 0, 6008, 31, 1, '1d6', 1, 15, 1),
(2350, 'Elder&prime;s Padded armour (lesser)', 'armatura leggera utile per muoversi velocemente tra i boschi', 'padded2', 1, 5, 5, 5, 5, 1, 0, 6, 0, 0, 6005, 31, 1, '1', 0, -1, 3),
(2351, 'Elder&prime;s Leather armour (lesser)', 'armatura di cuoio. il giusto compromesso per non penalizzare forza e destrezza', 'leather2', 1, 8, 5, 5, 5, 1, 0, 5, 0, 0, 6010, 31, 1, '2', 0, -1, 3),
(2352, 'Elder&prime;s Studded leather Armour (lesser)', 'Armatura di pelle borchiata. Utile per difendersi da creature piccole e veloci', 'sleather2', 1, 10, 5, 5, 5, 1, 0, 5, 0, 0, 6025, 31, 1, '3', 0, -1, 3),
(2353, 'Elder&prime;s Chain shirt armour (lesser)', 'maglia di ferro leggera', 'chain2', 1, -1, 5, 5, 5, 1, 0, 4, 0, 0, 6100, 31, 1, '4', 0, -1, 3),
(2354, 'Elder&prime;s Scale mail  (lesser)', 'Armatura a scaglie di ferro', 'scale2', 1, -1, 5, 5, 5, 5, 0, 4, 0, 0, 6050, 32, 1, '4', 0, -1, 3),
(2355, 'Elder&prime;s Chainmail Armour (lesser)', 'maglia di ferro pesante', 'chainmail2', 1, -1, 5, 5, 5, 5, 0, 3, 0, 0, 6150, 32, 1, '5', 0, -1, 3),
(2356, 'Elder&prime;s Breastplate  (lesser)', 'Armatura composta da un corpetto di piastre posizionate solo nella parte anteriore del corpo', 'breast2', 1, -1, 5, 5, 5, 5, 0, 4, 0, 0, 6200, 32, 1, '5', 0, -1, 3),
(2357, 'Elder&prime;s Splint mail  (lesser)', 'Armatura di maglie di ferro che copre tutto il corpo come una tunica', 'splint2', 1, -1, 5, 5, 5, 10, 0, 2, 0, 0, 6200, 33, 1, '6', 0, -1, 3),
(2358, 'Elder&prime;s Banded mail  (lesser)', 'Armatura a bande di ferro. Copre solo parte superiore del corpo', 'banded2', 1, -1, 5, 5, 5, 10, 0, 3, 0, 0, 6250, 33, 1, '6', 0, -1, 3),
(2359, 'Elder&prime;s Half-plate  (lesser)', 'Armatura di piaste', 'hplate2', 1, -1, 5, 5, 5, 10, 0, 2, 0, 0, 6600, 33, 1, '7', 0, -1, 3),
(2360, 'Elder&prime;s Full plate  (lesser)', 'Armatura di piastre completa', 'fplate2', 1, -1, 5, 5, 5, 10, 0, 3, 0, 0, 7000, 33, 1, '8', 0, -1, 3),
(2361, 'Elder&prime;s Buckler  (lesser)', 'Scudo piccolo di legno', 'buckler2', 1, 6, 5, 5, 5, 1, 0, 1, 0, 0, 6015, 31, 1, '1', 0, -1, 2),
(2362, 'Elder&prime;s Shield, light wooden  (lesser)', 'scudo medio di legno', 'lshieldw2', 1, 7, 5, 5, 5, 1, 0, 1, 0, 0, 6003, 31, 1, '1', 0, -1, 2),
(2363, 'Elder&prime;s Shield, light steel  (lesser)', 'scudo d''acciaio leggero', 'lshields2', 1, 8, 5, 5, 5, 1, 0, 1, 0, 0, 6009, 31, 1, '1', 0, -1, 2),
(2364, 'Elder&prime;s Shield, heavy wooden  (lesser)', 'Scudo pesante di legno', 'hshieldw2', 1, 9, 5, 5, 5, 5, 0, 5, 0, 0, 6007, 32, 1, '2', 0, -1, 2),
(2365, 'Elder&prime;s Shield, heavy steel  (lesser)', 'Scudo d''acciaio pesante', 'hshields2', 1, 10, 5, 5, 5, 5, 0, 5, 0, 0, 6020, 32, 1, '2', 0, -1, 2),
(2366, 'Elder&prime;s Shield, tower  (lesser)', 'Scudo enorme', 'tower2', 1, 15, 5, 5, 5, 10, 0, 1, 0, 0, 6030, 33, 1, '4', 0, -1, 2),
(2367, 'Elf&prime;s Pugnale (minor)', 'Una piccola lama', 'dagger2', 1, 8, 5, 5, 5, 1, 0, 0, 7, 0, 7002, 36, 1, '1d4', 2, 10, 1),
(2368, 'Elf&prime;s Martello (minor)', 'Un attrezzo da fabbro', 'hammer2', 1, 8, 5, 5, 5, 1, 0, 0, 7, 0, 7000, 36, 1, '1d3', 1, 5, 1),
(2369, 'Elf&prime;s Piccone (minor)', 'Utile per la miniera', 'picc2', 1, 9, 5, 5, 5, 1, 0, 0, 7, 0, 7004, 36, 1, '1d5', 5, 20, 1),
(2370, 'Elf&prime;s Spada corta (minor)', 'Utile per difendersi', 'sSword2', 1, 10, 5, 5, 5, 3, 0, 0, 7, 0, 7010, 36, 1, '1d6', 3, 15, 1),
(2371, 'Elf&prime;s Mazza (minor)', 'Per chi non ama le armi affilate', 'mace2', 1, 9, 5, 5, 5, 3, 0, 0, 7, 0, 7005, 36, 1, '1d5', 2, 10, 1),
(2372, 'Elf&prime;s Bastone (minor)', 'Asta rinforzata', 'staff2', 1, 10, 5, 5, 5, 3, 0, 0, 7, 0, 7000, 36, 1, '1d6', 6, 7, 1),
(2373, 'Elf&prime;s Spada lunga (minor)', 'Finalmente una vera arma', 'lSword2', 1, 11, 5, 5, 5, 5, 0, 0, 7, 0, 7015, 36, 1, '1d8', 7, 20, 1),
(2374, 'Elf&prime;s Ascia (minor)', 'Non solo per fare legna', 'axe2', 1, 12, 5, 5, 5, 5, 0, 0, 7, 0, 7010, 36, 1, '1d7', 8, 25, 1),
(2375, 'Elf&prime;s Guanto Chiodato (minor)', 'Un guanto di ferro', 'gaunt2', 1, 6, 5, 5, 5, 1, 0, 0, 7, 0, 7000, 36, 1, '1d4', 1, 10, 1),
(2376, 'Elf&prime;s Falcetto (minor)', 'Usato nei campi', 'sick2', 1, 8, 5, 5, 5, 3, 0, 0, 7, 0, 7006, 36, 1, '1d6', 5, 10, 1),
(2377, 'Elf&prime;s Mezza Lancia (minor)', 'Una lancia per i combattimenti ravvicinati', 'sLance2', 1, 11, 5, 5, 5, 3, 0, 0, 7, 0, 7002, 36, 1, '1d6', 3, 10, 1),
(2378, 'Elf&prime;s Morning Star (minor)', 'Una palla di ferro con catena ', 'morning2', 1, 8, 5, 6, 5, 3, 0, 0, 7, 0, 7008, 36, 1, '1d6', 1, 15, 1),
(2379, 'Elf&prime;s Padded armour (minor)', 'armatura leggera utile per muoversi velocemente tra i boschi', 'padded2', 1, 5, 5, 5, 5, 1, 0, 0, 7, 0, 7005, 36, 1, '1', 0, -1, 3),
(2380, 'Elf&prime;s Leather armour (minor)', 'armatura di cuoio. il giusto compromesso per non penalizzare forza e destrezza', 'leather2', 1, 8, 5, 5, 5, 1, 0, -1, 7, 0, 7010, 36, 1, '2', 0, -1, 3),
(2381, 'Elf&prime;s Studded leather Armour (minor)', 'Armatura di pelle borchiata. Utile per difendersi da creature piccole e veloci', 'sleather2', 1, 10, 5, 5, 5, 1, 0, -1, 7, 0, 7025, 36, 1, '3', 0, -1, 3),
(2382, 'Elf&prime;s Chain shirt armour (minor)', 'maglia di ferro leggera', 'chain2', 1, -1, 5, 5, 5, 1, 0, -2, 7, 0, 7100, 36, 1, '4', 0, -1, 3),
(2383, 'Elf&prime;s Scale mail  (minor)', 'Armatura a scaglie di ferro', 'scale2', 1, -1, 5, 5, 5, 5, 0, -2, 7, 0, 7050, 37, 1, '4', 0, -1, 3),
(2384, 'Elf&prime;s Chainmail Armour (minor)', 'maglia di ferro pesante', 'chainmail2', 1, -1, 5, 5, 5, 5, 0, -3, 7, 0, 7150, 37, 1, '5', 0, -1, 3),
(2385, 'Elf&prime;s Breastplate  (minor)', 'Armatura composta da un corpetto di piastre posizionate solo nella parte anteriore del corpo', 'breast2', 1, -1, 5, 5, 5, 5, 0, -2, 7, 0, 7200, 37, 1, '5', 0, -1, 3),
(2386, 'Elf&prime;s Splint mail  (minor)', 'Armatura di maglie di ferro che copre tutto il corpo come una tunica', 'splint2', 1, -1, 5, 5, 5, 10, 0, -4, 7, 0, 7200, 38, 1, '6', 0, -1, 3),
(2387, 'Elf&prime;s Banded mail  (minor)', 'Armatura a bande di ferro. Copre solo parte superiore del corpo', 'banded2', 1, -1, 5, 5, 5, 10, 0, -3, 7, 0, 7250, 38, 1, '6', 0, -1, 3),
(2388, 'Elf&prime;s Half-plate  (minor)', 'Armatura di piaste', 'hplate2', 1, -1, 5, 5, 5, 10, 0, -4, 7, 0, 7600, 38, 1, '7', 0, -1, 3),
(2389, 'Elf&prime;s Full plate  (minor)', 'Armatura di piastre completa', 'fplate2', 1, -1, 5, 5, 5, 10, 0, -3, 7, 0, 8000, 38, 1, '8', 0, -1, 3),
(2390, 'Elf&prime;s Buckler  (minor)', 'Scudo piccolo di legno', 'buckler2', 1, 6, 5, 5, 5, 1, 0, -5, 7, 0, 7015, 36, 1, '1', 0, -1, 2),
(2391, 'Elf&prime;s Shield, light wooden  (minor)', 'scudo medio di legno', 'lshieldw2', 1, 7, 5, 5, 5, 1, 0, -5, 7, 0, 7003, 36, 1, '1', 0, -1, 2),
(2392, 'Elf&prime;s Shield, light steel  (minor)', 'scudo d''acciaio leggero', 'lshields2', 1, 8, 5, 5, 5, 1, 0, -5, 7, 0, 7009, 36, 1, '1', 0, -1, 2),
(2393, 'Elf&prime;s Shield, heavy wooden  (minor)', 'Scudo pesante di legno', 'hshieldw2', 1, 9, 5, 5, 5, 5, 0, -1, 7, 0, 7007, 37, 1, '2', 0, -1, 2),
(2394, 'Elf&prime;s Shield, heavy steel  (minor)', 'Scudo d''acciaio pesante', 'hshields2', 1, 10, 5, 5, 5, 5, 0, -1, 7, 0, 7020, 37, 1, '2', 0, -1, 2),
(2395, 'Elf&prime;s Shield, tower  (minor)', 'Scudo enorme', 'tower2', 1, 15, 5, 5, 5, 10, 0, -5, 7, 0, 7030, 38, 1, '4', 0, -1, 2),
(2396, 'Giant&prime;s Pugnale (minor)', 'Una piccola lama', 'dagger2', 1, 8, 5, 5, 5, 1, 7, 0, 0, 0, 7002, 36, 1, '1d4', 2, 10, 1),
(2397, 'Giant&prime;s Martello (minor)', 'Un attrezzo da fabbro', 'hammer2', 1, 8, 5, 5, 5, 1, 7, 0, 0, 0, 7000, 36, 1, '1d3', 1, 5, 1),
(2398, 'Giant&prime;s Piccone (minor)', 'Utile per la miniera', 'picc2', 1, 9, 5, 5, 5, 1, 7, 0, 0, 0, 7004, 36, 1, '1d5', 5, 20, 1),
(2399, 'Giant&prime;s Spada corta (minor)', 'Utile per difendersi', 'sSword2', 1, 10, 5, 5, 5, 3, 7, 0, 0, 0, 7010, 36, 1, '1d6', 3, 15, 1),
(2400, 'Giant&prime;s Mazza (minor)', 'Per chi non ama le armi affilate', 'mace2', 1, 9, 5, 5, 5, 3, 7, 0, 0, 0, 7005, 36, 1, '1d5', 2, 10, 1),
(2401, 'Giant&prime;s Bastone (minor)', 'Asta rinforzata', 'staff2', 1, 10, 5, 5, 5, 3, 7, 0, 0, 0, 7000, 36, 1, '1d6', 6, 7, 1),
(2402, 'Giant&prime;s Spada lunga (minor)', 'Finalmente una vera arma', 'lSword2', 1, 11, 5, 5, 5, 5, 7, 0, 0, 0, 7015, 36, 1, '1d8', 7, 20, 1),
(2403, 'Giant&prime;s Ascia (minor)', 'Non solo per fare legna', 'axe2', 1, 12, 5, 5, 5, 5, 7, 0, 0, 0, 7010, 36, 1, '1d7', 8, 25, 1),
(2404, 'Giant&prime;s Guanto Chiodato (minor)', 'Un guanto di ferro', 'gaunt2', 1, 6, 5, 5, 5, 1, 7, 0, 0, 0, 7000, 36, 1, '1d4', 1, 10, 1),
(2405, 'Giant&prime;s Falcetto (minor)', 'Usato nei campi', 'sick2', 1, 8, 5, 5, 5, 3, 7, 0, 0, 0, 7006, 36, 1, '1d6', 5, 10, 1),
(2406, 'Giant&prime;s Mezza Lancia (minor)', 'Una lancia per i combattimenti ravvicinati', 'sLance2', 1, 11, 5, 5, 5, 3, 7, 0, 0, 0, 7002, 36, 1, '1d6', 3, 10, 1),
(2407, 'Giant&prime;s Morning Star (minor)', 'Una palla di ferro con catena ', 'morning2', 1, 8, 5, 6, 5, 3, 7, 0, 0, 0, 7008, 36, 1, '1d6', 1, 15, 1),
(2408, 'Giant&prime;s Padded armour (minor)', 'armatura leggera utile per muoversi velocemente tra i boschi', 'padded2', 1, 5, 5, 5, 5, 1, 7, 0, 0, 0, 7005, 36, 1, '1', 0, -1, 3),
(2409, 'Giant&prime;s Leather armour (minor)', 'armatura di cuoio. il giusto compromesso per non penalizzare forza e destrezza', 'leather2', 1, 8, 5, 5, 5, 1, 7, -1, 0, 0, 7010, 36, 1, '2', 0, -1, 3),
(2410, 'Giant&prime;s Studded leather Armour (minor)', 'Armatura di pelle borchiata. Utile per difendersi da creature piccole e veloci', 'sleather2', 1, 10, 5, 5, 5, 1, 7, -1, 0, 0, 7025, 36, 1, '3', 0, -1, 3),
(2411, 'Giant&prime;s Chain shirt armour (minor)', 'maglia di ferro leggera', 'chain2', 1, -1, 5, 5, 5, 1, 7, -2, 0, 0, 7100, 36, 1, '4', 0, -1, 3),
(2412, 'Giant&prime;s Scale mail  (minor)', 'Armatura a scaglie di ferro', 'scale2', 1, -1, 5, 5, 5, 5, 7, -2, 0, 0, 7050, 37, 1, '4', 0, -1, 3),
(2413, 'Giant&prime;s Chainmail Armour (minor)', 'maglia di ferro pesante', 'chainmail2', 1, -1, 5, 5, 5, 5, 7, -3, 0, 0, 7150, 37, 1, '5', 0, -1, 3),
(2414, 'Giant&prime;s Breastplate  (minor)', 'Armatura composta da un corpetto di piastre posizionate solo nella parte anteriore del corpo', 'breast2', 1, -1, 5, 5, 5, 5, 7, -2, 0, 0, 7200, 37, 1, '5', 0, -1, 3),
(2415, 'Giant&prime;s Splint mail  (minor)', 'Armatura di maglie di ferro che copre tutto il corpo come una tunica', 'splint2', 1, -1, 5, 5, 5, 10, 7, -4, 0, 0, 7200, 38, 1, '6', 0, -1, 3),
(2416, 'Giant&prime;s Banded mail  (minor)', 'Armatura a bande di ferro. Copre solo parte superiore del corpo', 'banded2', 1, -1, 5, 5, 5, 10, 7, -3, 0, 0, 7250, 38, 1, '6', 0, -1, 3),
(2417, 'Giant&prime;s Half-plate  (minor)', 'Armatura di piaste', 'hplate2', 1, -1, 5, 5, 5, 10, 7, -4, 0, 0, 7600, 38, 1, '7', 0, -1, 3),
(2418, 'Giant&prime;s Full plate  (minor)', 'Armatura di piastre completa', 'fplate2', 1, -1, 5, 5, 5, 10, 7, -3, 0, 0, 8000, 38, 1, '8', 0, -1, 3),
(2419, 'Giant&prime;s Buckler  (minor)', 'Scudo piccolo di legno', 'buckler2', 1, 6, 5, 5, 5, 1, 7, -5, 0, 0, 7015, 36, 1, '1', 0, -1, 2),
(2420, 'Giant&prime;s Shield, light wooden  (minor)', 'scudo medio di legno', 'lshieldw2', 1, 7, 5, 5, 5, 1, 7, -5, 0, 0, 7003, 36, 1, '1', 0, -1, 2),
(2421, 'Giant&prime;s Shield, light steel  (minor)', 'scudo d''acciaio leggero', 'lshields2', 1, 8, 5, 5, 5, 1, 7, -5, 0, 0, 7009, 36, 1, '1', 0, -1, 2),
(2422, 'Giant&prime;s Shield, heavy wooden  (minor)', 'Scudo pesante di legno', 'hshieldw2', 1, 9, 5, 5, 5, 5, 7, -1, 0, 0, 7007, 37, 1, '2', 0, -1, 2),
(2423, 'Giant&prime;s Shield, heavy steel  (minor)', 'Scudo d''acciaio pesante', 'hshields2', 1, 10, 5, 5, 5, 5, 7, -1, 0, 0, 7020, 37, 1, '2', 0, -1, 2),
(2424, 'Giant&prime;s Shield, tower  (minor)', 'Scudo enorme', 'tower2', 1, 15, 5, 5, 5, 10, 7, -5, 0, 0, 7030, 38, 1, '4', 0, -1, 2),
(2425, 'Leprechaun&prime;s Pugnale (minor)', 'Una piccola lama', 'dagger2', 1, 8, 5, 5, 12, 1, 0, 0, 0, 0, 7002, 36, 1, '1d4', 2, 10, 1),
(2426, 'Leprechaun&prime;s Martello (minor)', 'Un attrezzo da fabbro', 'hammer2', 1, 8, 5, 5, 12, 1, 0, 0, 0, 0, 7000, 36, 1, '1d3', 1, 5, 1),
(2427, 'Leprechaun&prime;s Piccone (minor)', 'Utile per la miniera', 'picc2', 1, 9, 5, 5, 12, 1, 0, 0, 0, 0, 7004, 36, 1, '1d5', 5, 20, 1),
(2428, 'Leprechaun&prime;s Spada corta (minor)', 'Utile per difendersi', 'sSword2', 1, 10, 5, 5, 12, 3, 0, 0, 0, 0, 7010, 36, 1, '1d6', 3, 15, 1),
(2429, 'Leprechaun&prime;s Mazza (minor)', 'Per chi non ama le armi affilate', 'mace2', 1, 9, 5, 5, 12, 3, 0, 0, 0, 0, 7005, 36, 1, '1d5', 2, 10, 1),
(2430, 'Leprechaun&prime;s Bastone (minor)', 'Asta rinforzata', 'staff2', 1, 10, 5, 5, 12, 3, 0, 0, 0, 0, 7000, 36, 1, '1d6', 6, 7, 1),
(2431, 'Leprechaun&prime;s Spada lunga (minor)', 'Finalmente una vera arma', 'lSword2', 1, 11, 5, 5, 12, 5, 0, 0, 0, 0, 7015, 36, 1, '1d8', 7, 20, 1),
(2432, 'Leprechaun&prime;s Ascia (minor)', 'Non solo per fare legna', 'axe2', 1, 12, 5, 5, 12, 5, 0, 0, 0, 0, 7010, 36, 1, '1d7', 8, 25, 1),
(2433, 'Leprechaun&prime;s Guanto Chiodato (minor)', 'Un guanto di ferro', 'gaunt2', 1, 6, 5, 5, 12, 1, 0, 0, 0, 0, 7000, 36, 1, '1d4', 1, 10, 1),
(2434, 'Leprechaun&prime;s Falcetto (minor)', 'Usato nei campi', 'sick2', 1, 8, 5, 5, 12, 3, 0, 0, 0, 0, 7006, 36, 1, '1d6', 5, 10, 1),
(2435, 'Leprechaun&prime;s Mezza Lancia (minor)', 'Una lancia per i combattimenti ravvicinati', 'sLance2', 1, 11, 5, 5, 12, 3, 0, 0, 0, 0, 7002, 36, 1, '1d6', 3, 10, 1),
(2436, 'Leprechaun&prime;s Morning Star (minor)', 'Una palla di ferro con catena ', 'morning2', 1, 8, 5, 6, 12, 3, 0, 0, 0, 0, 7008, 36, 1, '1d6', 1, 15, 1),
(2437, 'Leprechaun&prime;s Padded armour (minor)', 'armatura leggera utile per muoversi velocemente tra i boschi', 'padded2', 1, 5, 5, 5, 12, 1, 0, 0, 0, 0, 7005, 36, 1, '1', 0, -1, 3),
(2438, 'Leprechaun&prime;s Leather armour (minor)', 'armatura di cuoio. il giusto compromesso per non penalizzare forza e destrezza', 'leather2', 1, 8, 5, 5, 12, 1, 0, -1, 0, 0, 7010, 36, 1, '2', 0, -1, 3),
(2439, 'Leprechaun&prime;s Studded leather Armour (minor)', 'Armatura di pelle borchiata. Utile per difendersi da creature piccole e veloci', 'sleather2', 1, 10, 5, 5, 12, 1, 0, -1, 0, 0, 7025, 36, 1, '3', 0, -1, 3),
(2440, 'Leprechaun&prime;s Chain shirt armour (minor)', 'maglia di ferro leggera', 'chain2', 1, -1, 5, 5, 12, 1, 0, -2, 0, 0, 7100, 36, 1, '4', 0, -1, 3),
(2441, 'Leprechaun&prime;s Scale mail  (minor)', 'Armatura a scaglie di ferro', 'scale2', 1, -1, 5, 5, 12, 5, 0, -2, 0, 0, 7050, 37, 1, '4', 0, -1, 3),
(2442, 'Leprechaun&prime;s Chainmail Armour (minor)', 'maglia di ferro pesante', 'chainmail2', 1, -1, 5, 5, 12, 5, 0, -3, 0, 0, 7150, 37, 1, '5', 0, -1, 3),
(2443, 'Leprechaun&prime;s Breastplate  (minor)', 'Armatura composta da un corpetto di piastre posizionate solo nella parte anteriore del corpo', 'breast2', 1, -1, 5, 5, 12, 5, 0, -2, 0, 0, 7200, 37, 1, '5', 0, -1, 3),
(2444, 'Leprechaun&prime;s Splint mail  (minor)', 'Armatura di maglie di ferro che copre tutto il corpo come una tunica', 'splint2', 1, -1, 5, 5, 12, 10, 0, -4, 0, 0, 7200, 38, 1, '6', 0, -1, 3),
(2445, 'Leprechaun&prime;s Banded mail  (minor)', 'Armatura a bande di ferro. Copre solo parte superiore del corpo', 'banded2', 1, -1, 5, 5, 12, 10, 0, -3, 0, 0, 7250, 38, 1, '6', 0, -1, 3),
(2446, 'Leprechaun&prime;s Half-plate  (minor)', 'Armatura di piaste', 'hplate2', 1, -1, 5, 5, 12, 10, 0, -4, 0, 0, 7600, 38, 1, '7', 0, -1, 3),
(2447, 'Leprechaun&prime;s Full plate  (minor)', 'Armatura di piastre completa', 'fplate2', 1, -1, 5, 5, 12, 10, 0, -3, 0, 0, 8000, 38, 1, '8', 0, -1, 3),
(2448, 'Leprechaun&prime;s Buckler  (minor)', 'Scudo piccolo di legno', 'buckler2', 1, 6, 5, 5, 12, 1, 0, -5, 0, 0, 7015, 36, 1, '1', 0, -1, 2),
(2449, 'Leprechaun&prime;s Shield, light wooden  (minor)', 'scudo medio di legno', 'lshieldw2', 1, 7, 5, 5, 12, 1, 0, -5, 0, 0, 7003, 36, 1, '1', 0, -1, 2),
(2450, 'Leprechaun&prime;s Shield, light steel  (minor)', 'scudo d''acciaio leggero', 'lshields2', 1, 8, 5, 5, 12, 1, 0, -5, 0, 0, 7009, 36, 1, '1', 0, -1, 2),
(2451, 'Leprechaun&prime;s Shield, heavy wooden  (minor)', 'Scudo pesante di legno', 'hshieldw2', 1, 9, 5, 5, 12, 5, 0, -1, 0, 0, 7007, 37, 1, '2', 0, -1, 2),
(2452, 'Leprechaun&prime;s Shield, heavy steel  (minor)', 'Scudo d''acciaio pesante', 'hshields2', 1, 10, 5, 5, 12, 5, 0, -1, 0, 0, 7020, 37, 1, '2', 0, -1, 2),
(2453, 'Leprechaun&prime;s Shield, tower  (minor)', 'Scudo enorme', 'tower2', 1, 15, 5, 5, 12, 10, 0, -5, 0, 0, 7030, 38, 1, '4', 0, -1, 2),
(2454, 'Elder&prime;s Pugnale (minor)', 'Una piccola lama', 'dagger2', 1, 8, 5, 5, 5, 1, 0, 7, 0, 0, 7002, 36, 1, '1d4', 2, 10, 1),
(2455, 'Elder&prime;s Martello (minor)', 'Un attrezzo da fabbro', 'hammer2', 1, 8, 5, 5, 5, 1, 0, 7, 0, 0, 7000, 36, 1, '1d3', 1, 5, 1),
(2456, 'Elder&prime;s Piccone (minor)', 'Utile per la miniera', 'picc2', 1, 9, 5, 5, 5, 1, 0, 7, 0, 0, 7004, 36, 1, '1d5', 5, 20, 1),
(2457, 'Elder&prime;s Spada corta (minor)', 'Utile per difendersi', 'sSword2', 1, 10, 5, 5, 5, 3, 0, 7, 0, 0, 7010, 36, 1, '1d6', 3, 15, 1),
(2458, 'Elder&prime;s Mazza (minor)', 'Per chi non ama le armi affilate', 'mace2', 1, 9, 5, 5, 5, 3, 0, 7, 0, 0, 7005, 36, 1, '1d5', 2, 10, 1),
(2459, 'Elder&prime;s Bastone (minor)', 'Asta rinforzata', 'staff2', 1, 10, 5, 5, 5, 3, 0, 7, 0, 0, 7000, 36, 1, '1d6', 6, 7, 1),
(2460, 'Elder&prime;s Spada lunga (minor)', 'Finalmente una vera arma', 'lSword2', 1, 11, 5, 5, 5, 5, 0, 7, 0, 0, 7015, 36, 1, '1d8', 7, 20, 1),
(2461, 'Elder&prime;s Ascia (minor)', 'Non solo per fare legna', 'axe2', 1, 12, 5, 5, 5, 5, 0, 7, 0, 0, 7010, 36, 1, '1d7', 8, 25, 1),
(2462, 'Elder&prime;s Guanto Chiodato (minor)', 'Un guanto di ferro', 'gaunt2', 1, 6, 5, 5, 5, 1, 0, 7, 0, 0, 7000, 36, 1, '1d4', 1, 10, 1),
(2463, 'Elder&prime;s Falcetto (minor)', 'Usato nei campi', 'sick2', 1, 8, 5, 5, 5, 3, 0, 7, 0, 0, 7006, 36, 1, '1d6', 5, 10, 1),
(2464, 'Elder&prime;s Mezza Lancia (minor)', 'Una lancia per i combattimenti ravvicinati', 'sLance2', 1, 11, 5, 5, 5, 3, 0, 7, 0, 0, 7002, 36, 1, '1d6', 3, 10, 1),
(2465, 'Elder&prime;s Morning Star (minor)', 'Una palla di ferro con catena ', 'morning2', 1, 8, 5, 6, 5, 3, 0, 7, 0, 0, 7008, 36, 1, '1d6', 1, 15, 1),
(2466, 'Elder&prime;s Padded armour (minor)', 'armatura leggera utile per muoversi velocemente tra i boschi', 'padded2', 1, 5, 5, 5, 5, 1, 0, 7, 0, 0, 7005, 36, 1, '1', 0, -1, 3),
(2467, 'Elder&prime;s Leather armour (minor)', 'armatura di cuoio. il giusto compromesso per non penalizzare forza e destrezza', 'leather2', 1, 8, 5, 5, 5, 1, 0, 6, 0, 0, 7010, 36, 1, '2', 0, -1, 3),
(2468, 'Elder&prime;s Studded leather Armour (minor)', 'Armatura di pelle borchiata. Utile per difendersi da creature piccole e veloci', 'sleather2', 1, 10, 5, 5, 5, 1, 0, 6, 0, 0, 7025, 36, 1, '3', 0, -1, 3),
(2469, 'Elder&prime;s Chain shirt armour (minor)', 'maglia di ferro leggera', 'chain2', 1, -1, 5, 5, 5, 1, 0, 5, 0, 0, 7100, 36, 1, '4', 0, -1, 3),
(2470, 'Elder&prime;s Scale mail  (minor)', 'Armatura a scaglie di ferro', 'scale2', 1, -1, 5, 5, 5, 5, 0, 5, 0, 0, 7050, 37, 1, '4', 0, -1, 3),
(2471, 'Elder&prime;s Chainmail Armour (minor)', 'maglia di ferro pesante', 'chainmail2', 1, -1, 5, 5, 5, 5, 0, 4, 0, 0, 7150, 37, 1, '5', 0, -1, 3),
(2472, 'Elder&prime;s Breastplate  (minor)', 'Armatura composta da un corpetto di piastre posizionate solo nella parte anteriore del corpo', 'breast2', 1, -1, 5, 5, 5, 5, 0, 5, 0, 0, 7200, 37, 1, '5', 0, -1, 3),
(2473, 'Elder&prime;s Splint mail  (minor)', 'Armatura di maglie di ferro che copre tutto il corpo come una tunica', 'splint2', 1, -1, 5, 5, 5, 10, 0, 3, 0, 0, 7200, 38, 1, '6', 0, -1, 3),
(2474, 'Elder&prime;s Banded mail  (minor)', 'Armatura a bande di ferro. Copre solo parte superiore del corpo', 'banded2', 1, -1, 5, 5, 5, 10, 0, 4, 0, 0, 7250, 38, 1, '6', 0, -1, 3),
(2475, 'Elder&prime;s Half-plate  (minor)', 'Armatura di piaste', 'hplate2', 1, -1, 5, 5, 5, 10, 0, 3, 0, 0, 7600, 38, 1, '7', 0, -1, 3),
(2476, 'Elder&prime;s Full plate  (minor)', 'Armatura di piastre completa', 'fplate2', 1, -1, 5, 5, 5, 10, 0, 4, 0, 0, 8000, 38, 1, '8', 0, -1, 3),
(2477, 'Elder&prime;s Buckler  (minor)', 'Scudo piccolo di legno', 'buckler2', 1, 6, 5, 5, 5, 1, 0, 2, 0, 0, 7015, 36, 1, '1', 0, -1, 2),
(2478, 'Elder&prime;s Shield, light wooden  (minor)', 'scudo medio di legno', 'lshieldw2', 1, 7, 5, 5, 5, 1, 0, 2, 0, 0, 7003, 36, 1, '1', 0, -1, 2),
(2479, 'Elder&prime;s Shield, light steel  (minor)', 'scudo d''acciaio leggero', 'lshields2', 1, 8, 5, 5, 5, 1, 0, 2, 0, 0, 7009, 36, 1, '1', 0, -1, 2),
(2480, 'Elder&prime;s Shield, heavy wooden  (minor)', 'Scudo pesante di legno', 'hshieldw2', 1, 9, 5, 5, 5, 5, 0, 6, 0, 0, 7007, 37, 1, '2', 0, -1, 2),
(2481, 'Elder&prime;s Shield, heavy steel  (minor)', 'Scudo d''acciaio pesante', 'hshields2', 1, 10, 5, 5, 5, 5, 0, 6, 0, 0, 7020, 37, 1, '2', 0, -1, 2),
(2482, 'Elder&prime;s Shield, tower  (minor)', 'Scudo enorme', 'tower2', 1, 15, 5, 5, 5, 10, 0, 2, 0, 0, 7030, 38, 1, '4', 0, -1, 2),
(2483, 'Elf&prime;s Pugnale', 'Una piccola lama', 'dagger2', 1, 8, 5, 5, 5, 1, 0, 0, 8, 0, 8002, 41, 1, '1d4', 2, 10, 1),
(2484, 'Elf&prime;s Martello', 'Un attrezzo da fabbro', 'hammer2', 1, 8, 5, 5, 5, 1, 0, 0, 8, 0, 8000, 41, 1, '1d3', 1, 5, 1),
(2485, 'Elf&prime;s Piccone', 'Utile per la miniera', 'picc2', 1, 9, 5, 5, 5, 1, 0, 0, 8, 0, 8004, 41, 1, '1d5', 5, 20, 1),
(2486, 'Elf&prime;s Spada corta', 'Utile per difendersi', 'sSword2', 1, 10, 5, 5, 5, 3, 0, 0, 8, 0, 8010, 41, 1, '1d6', 3, 15, 1),
(2487, 'Elf&prime;s Mazza', 'Per chi non ama le armi affilate', 'mace2', 1, 9, 5, 5, 5, 3, 0, 0, 8, 0, 8005, 41, 1, '1d5', 2, 10, 1),
(2488, 'Elf&prime;s Bastone', 'Asta rinforzata', 'staff2', 1, 10, 5, 5, 5, 3, 0, 0, 8, 0, 8000, 41, 1, '1d6', 6, 7, 1),
(2489, 'Elf&prime;s Spada lunga', 'Finalmente una vera arma', 'lSword2', 1, 11, 5, 5, 5, 5, 0, 0, 8, 0, 8015, 41, 1, '1d8', 7, 20, 1),
(2490, 'Elf&prime;s Ascia', 'Non solo per fare legna', 'axe2', 1, 12, 5, 5, 5, 5, 0, 0, 8, 0, 8010, 41, 1, '1d7', 8, 25, 1),
(2491, 'Elf&prime;s Guanto Chiodato', 'Un guanto di ferro', 'gaunt2', 1, 6, 5, 5, 5, 1, 0, 0, 8, 0, 8000, 41, 1, '1d4', 1, 10, 1),
(2492, 'Elf&prime;s Falcetto', 'Usato nei campi', 'sick2', 1, 8, 5, 5, 5, 3, 0, 0, 8, 0, 8006, 41, 1, '1d6', 5, 10, 1),
(2493, 'Elf&prime;s Mezza Lancia', 'Una lancia per i combattimenti ravvicinati', 'sLance2', 1, 11, 5, 5, 5, 3, 0, 0, 8, 0, 8002, 41, 1, '1d6', 3, 10, 1),
(2494, 'Elf&prime;s Morning Star', 'Una palla di ferro con catena ', 'morning2', 1, 8, 5, 6, 5, 3, 0, 0, 8, 0, 8008, 41, 1, '1d6', 1, 15, 1),
(2495, 'Elf&prime;s Padded armour', 'armatura leggera utile per muoversi velocemente tra i boschi', 'padded2', 1, 5, 5, 5, 5, 1, 0, 0, 8, 0, 8005, 41, 1, '1', 0, -1, 3),
(2496, 'Elf&prime;s Leather armour', 'armatura di cuoio. il giusto compromesso per non penalizzare forza e destrezza', 'leather2', 1, 8, 5, 5, 5, 1, 0, -1, 8, 0, 8010, 41, 1, '2', 0, -1, 3),
(2497, 'Elf&prime;s Studded leather Armour', 'Armatura di pelle borchiata. Utile per difendersi da creature piccole e veloci', 'sleather2', 1, 10, 5, 5, 5, 1, 0, -1, 8, 0, 8025, 41, 1, '3', 0, -1, 3),
(2498, 'Elf&prime;s Chain shirt armour', 'maglia di ferro leggera', 'chain2', 1, -1, 5, 5, 5, 1, 0, -2, 8, 0, 8100, 41, 1, '4', 0, -1, 3),
(2499, 'Elf&prime;s Scale mail ', 'Armatura a scaglie di ferro', 'scale2', 1, -1, 5, 5, 5, 5, 0, -2, 8, 0, 8050, 42, 1, '4', 0, -1, 3),
(2500, 'Elf&prime;s Chainmail Armour', 'maglia di ferro pesante', 'chainmail2', 1, -1, 5, 5, 5, 5, 0, -3, 8, 0, 8150, 42, 1, '5', 0, -1, 3),
(2501, 'Elf&prime;s Breastplate ', 'Armatura composta da un corpetto di piastre posizionate solo nella parte anteriore del corpo', 'breast2', 1, -1, 5, 5, 5, 5, 0, -2, 8, 0, 8200, 42, 1, '5', 0, -1, 3),
(2502, 'Elf&prime;s Splint mail ', 'Armatura di maglie di ferro che copre tutto il corpo come una tunica', 'splint2', 1, -1, 5, 5, 5, 10, 0, -4, 8, 0, 8200, 43, 1, '6', 0, -1, 3),
(2503, 'Elf&prime;s Banded mail ', 'Armatura a bande di ferro. Copre solo parte superiore del corpo', 'banded2', 1, -1, 5, 5, 5, 10, 0, -3, 8, 0, 8250, 43, 1, '6', 0, -1, 3),
(2504, 'Elf&prime;s Half-plate ', 'Armatura di piaste', 'hplate2', 1, -1, 5, 5, 5, 10, 0, -4, 8, 0, 8600, 43, 1, '7', 0, -1, 3),
(2505, 'Elf&prime;s Full plate ', 'Armatura di piastre completa', 'fplate2', 1, -1, 5, 5, 5, 10, 0, -3, 8, 0, 9000, 43, 1, '8', 0, -1, 3),
(2506, 'Elf&prime;s Buckler ', 'Scudo piccolo di legno', 'buckler2', 1, 6, 5, 5, 5, 1, 0, -5, 8, 0, 8015, 41, 1, '1', 0, -1, 2),
(2507, 'Elf&prime;s Shield, light wooden ', 'scudo medio di legno', 'lshieldw2', 1, 7, 5, 5, 5, 1, 0, -5, 8, 0, 8003, 41, 1, '1', 0, -1, 2),
(2508, 'Elf&prime;s Shield, light steel ', 'scudo d''acciaio leggero', 'lshields2', 1, 8, 5, 5, 5, 1, 0, -5, 8, 0, 8009, 41, 1, '1', 0, -1, 2),
(2509, 'Elf&prime;s Shield, heavy wooden ', 'Scudo pesante di legno', 'hshieldw2', 1, 9, 5, 5, 5, 5, 0, -1, 8, 0, 8007, 42, 1, '2', 0, -1, 2),
(2510, 'Elf&prime;s Shield, heavy steel ', 'Scudo d''acciaio pesante', 'hshields2', 1, 10, 5, 5, 5, 5, 0, -1, 8, 0, 8020, 42, 1, '2', 0, -1, 2),
(2511, 'Elf&prime;s Shield, tower ', 'Scudo enorme', 'tower2', 1, 15, 5, 5, 5, 10, 0, -5, 8, 0, 8030, 43, 1, '4', 0, -1, 2),
(2512, 'Giant&prime;s Pugnale', 'Una piccola lama', 'dagger2', 1, 8, 5, 5, 5, 1, 8, 0, 0, 0, 8002, 41, 1, '1d4', 2, 10, 1),
(2513, 'Giant&prime;s Martello', 'Un attrezzo da fabbro', 'hammer2', 1, 8, 5, 5, 5, 1, 8, 0, 0, 0, 8000, 41, 1, '1d3', 1, 5, 1),
(2514, 'Giant&prime;s Piccone', 'Utile per la miniera', 'picc2', 1, 9, 5, 5, 5, 1, 8, 0, 0, 0, 8004, 41, 1, '1d5', 5, 20, 1),
(2515, 'Giant&prime;s Spada corta', 'Utile per difendersi', 'sSword2', 1, 10, 5, 5, 5, 3, 8, 0, 0, 0, 8010, 41, 1, '1d6', 3, 15, 1),
(2516, 'Giant&prime;s Mazza', 'Per chi non ama le armi affilate', 'mace2', 1, 9, 5, 5, 5, 3, 8, 0, 0, 0, 8005, 41, 1, '1d5', 2, 10, 1),
(2517, 'Giant&prime;s Bastone', 'Asta rinforzata', 'staff2', 1, 10, 5, 5, 5, 3, 8, 0, 0, 0, 8000, 41, 1, '1d6', 6, 7, 1),
(2518, 'Giant&prime;s Spada lunga', 'Finalmente una vera arma', 'lSword2', 1, 11, 5, 5, 5, 5, 8, 0, 0, 0, 8015, 41, 1, '1d8', 7, 20, 1),
(2519, 'Giant&prime;s Ascia', 'Non solo per fare legna', 'axe2', 1, 12, 5, 5, 5, 5, 8, 0, 0, 0, 8010, 41, 1, '1d7', 8, 25, 1),
(2520, 'Giant&prime;s Guanto Chiodato', 'Un guanto di ferro', 'gaunt2', 1, 6, 5, 5, 5, 1, 8, 0, 0, 0, 8000, 41, 1, '1d4', 1, 10, 1),
(2521, 'Giant&prime;s Falcetto', 'Usato nei campi', 'sick2', 1, 8, 5, 5, 5, 3, 8, 0, 0, 0, 8006, 41, 1, '1d6', 5, 10, 1),
(2522, 'Giant&prime;s Mezza Lancia', 'Una lancia per i combattimenti ravvicinati', 'sLance2', 1, 11, 5, 5, 5, 3, 8, 0, 0, 0, 8002, 41, 1, '1d6', 3, 10, 1),
(2523, 'Giant&prime;s Morning Star', 'Una palla di ferro con catena ', 'morning2', 1, 8, 5, 6, 5, 3, 8, 0, 0, 0, 8008, 41, 1, '1d6', 1, 15, 1),
(2524, 'Giant&prime;s Padded armour', 'armatura leggera utile per muoversi velocemente tra i boschi', 'padded2', 1, 5, 5, 5, 5, 1, 8, 0, 0, 0, 8005, 41, 1, '1', 0, -1, 3),
(2525, 'Giant&prime;s Leather armour', 'armatura di cuoio. il giusto compromesso per non penalizzare forza e destrezza', 'leather2', 1, 8, 5, 5, 5, 1, 8, -1, 0, 0, 8010, 41, 1, '2', 0, -1, 3),
(2526, 'Giant&prime;s Studded leather Armour', 'Armatura di pelle borchiata. Utile per difendersi da creature piccole e veloci', 'sleather2', 1, 10, 5, 5, 5, 1, 8, -1, 0, 0, 8025, 41, 1, '3', 0, -1, 3),
(2527, 'Giant&prime;s Chain shirt armour', 'maglia di ferro leggera', 'chain2', 1, -1, 5, 5, 5, 1, 8, -2, 0, 0, 8100, 41, 1, '4', 0, -1, 3),
(2528, 'Giant&prime;s Scale mail ', 'Armatura a scaglie di ferro', 'scale2', 1, -1, 5, 5, 5, 5, 8, -2, 0, 0, 8050, 42, 1, '4', 0, -1, 3),
(2529, 'Giant&prime;s Chainmail Armour', 'maglia di ferro pesante', 'chainmail2', 1, -1, 5, 5, 5, 5, 8, -3, 0, 0, 8150, 42, 1, '5', 0, -1, 3),
(2530, 'Giant&prime;s Breastplate ', 'Armatura composta da un corpetto di piastre posizionate solo nella parte anteriore del corpo', 'breast2', 1, -1, 5, 5, 5, 5, 8, -2, 0, 0, 8200, 42, 1, '5', 0, -1, 3),
(2531, 'Giant&prime;s Splint mail ', 'Armatura di maglie di ferro che copre tutto il corpo come una tunica', 'splint2', 1, -1, 5, 5, 5, 10, 8, -4, 0, 0, 8200, 43, 1, '6', 0, -1, 3),
(2532, 'Giant&prime;s Banded mail ', 'Armatura a bande di ferro. Copre solo parte superiore del corpo', 'banded2', 1, -1, 5, 5, 5, 10, 8, -3, 0, 0, 8250, 43, 1, '6', 0, -1, 3),
(2533, 'Giant&prime;s Half-plate ', 'Armatura di piaste', 'hplate2', 1, -1, 5, 5, 5, 10, 8, -4, 0, 0, 8600, 43, 1, '7', 0, -1, 3),
(2534, 'Giant&prime;s Full plate ', 'Armatura di piastre completa', 'fplate2', 1, -1, 5, 5, 5, 10, 8, -3, 0, 0, 9000, 43, 1, '8', 0, -1, 3),
(2535, 'Giant&prime;s Buckler ', 'Scudo piccolo di legno', 'buckler2', 1, 6, 5, 5, 5, 1, 8, -5, 0, 0, 8015, 41, 1, '1', 0, -1, 2),
(2536, 'Giant&prime;s Shield, light wooden ', 'scudo medio di legno', 'lshieldw2', 1, 7, 5, 5, 5, 1, 8, -5, 0, 0, 8003, 41, 1, '1', 0, -1, 2),
(2537, 'Giant&prime;s Shield, light steel ', 'scudo d''acciaio leggero', 'lshields2', 1, 8, 5, 5, 5, 1, 8, -5, 0, 0, 8009, 41, 1, '1', 0, -1, 2),
(2538, 'Giant&prime;s Shield, heavy wooden ', 'Scudo pesante di legno', 'hshieldw2', 1, 9, 5, 5, 5, 5, 8, -1, 0, 0, 8007, 42, 1, '2', 0, -1, 2),
(2539, 'Giant&prime;s Shield, heavy steel ', 'Scudo d''acciaio pesante', 'hshields2', 1, 10, 5, 5, 5, 5, 8, -1, 0, 0, 8020, 42, 1, '2', 0, -1, 2),
(2540, 'Giant&prime;s Shield, tower ', 'Scudo enorme', 'tower2', 1, 15, 5, 5, 5, 10, 8, -5, 0, 0, 8030, 43, 1, '4', 0, -1, 2),
(2541, 'Leprechaun&prime;s Pugnale', 'Una piccola lama', 'dagger2', 1, 8, 5, 5, 13, 1, 0, 0, 0, 0, 8002, 41, 1, '1d4', 2, 10, 1),
(2542, 'Leprechaun&prime;s Martello', 'Un attrezzo da fabbro', 'hammer2', 1, 8, 5, 5, 13, 1, 0, 0, 0, 0, 8000, 41, 1, '1d3', 1, 5, 1),
(2543, 'Leprechaun&prime;s Piccone', 'Utile per la miniera', 'picc2', 1, 9, 5, 5, 13, 1, 0, 0, 0, 0, 8004, 41, 1, '1d5', 5, 20, 1),
(2544, 'Leprechaun&prime;s Spada corta', 'Utile per difendersi', 'sSword2', 1, 10, 5, 5, 13, 3, 0, 0, 0, 0, 8010, 41, 1, '1d6', 3, 15, 1),
(2545, 'Leprechaun&prime;s Mazza', 'Per chi non ama le armi affilate', 'mace2', 1, 9, 5, 5, 13, 3, 0, 0, 0, 0, 8005, 41, 1, '1d5', 2, 10, 1),
(2546, 'Leprechaun&prime;s Bastone', 'Asta rinforzata', 'staff2', 1, 10, 5, 5, 13, 3, 0, 0, 0, 0, 8000, 41, 1, '1d6', 6, 7, 1),
(2547, 'Leprechaun&prime;s Spada lunga', 'Finalmente una vera arma', 'lSword2', 1, 11, 5, 5, 13, 5, 0, 0, 0, 0, 8015, 41, 1, '1d8', 7, 20, 1),
(2548, 'Leprechaun&prime;s Ascia', 'Non solo per fare legna', 'axe2', 1, 12, 5, 5, 13, 5, 0, 0, 0, 0, 8010, 41, 1, '1d7', 8, 25, 1),
(2549, 'Leprechaun&prime;s Guanto Chiodato', 'Un guanto di ferro', 'gaunt2', 1, 6, 5, 5, 13, 1, 0, 0, 0, 0, 8000, 41, 1, '1d4', 1, 10, 1),
(2550, 'Leprechaun&prime;s Falcetto', 'Usato nei campi', 'sick2', 1, 8, 5, 5, 13, 3, 0, 0, 0, 0, 8006, 41, 1, '1d6', 5, 10, 1),
(2551, 'Leprechaun&prime;s Mezza Lancia', 'Una lancia per i combattimenti ravvicinati', 'sLance2', 1, 11, 5, 5, 13, 3, 0, 0, 0, 0, 8002, 41, 1, '1d6', 3, 10, 1),
(2552, 'Leprechaun&prime;s Morning Star', 'Una palla di ferro con catena ', 'morning2', 1, 8, 5, 6, 13, 3, 0, 0, 0, 0, 8008, 41, 1, '1d6', 1, 15, 1),
(2553, 'Leprechaun&prime;s Padded armour', 'armatura leggera utile per muoversi velocemente tra i boschi', 'padded2', 1, 5, 5, 5, 13, 1, 0, 0, 0, 0, 8005, 41, 1, '1', 0, -1, 3),
(2554, 'Leprechaun&prime;s Leather armour', 'armatura di cuoio. il giusto compromesso per non penalizzare forza e destrezza', 'leather2', 1, 8, 5, 5, 13, 1, 0, -1, 0, 0, 8010, 41, 1, '2', 0, -1, 3),
(2555, 'Leprechaun&prime;s Studded leather Armour', 'Armatura di pelle borchiata. Utile per difendersi da creature piccole e veloci', 'sleather2', 1, 10, 5, 5, 13, 1, 0, -1, 0, 0, 8025, 41, 1, '3', 0, -1, 3),
(2556, 'Leprechaun&prime;s Chain shirt armour', 'maglia di ferro leggera', 'chain2', 1, -1, 5, 5, 13, 1, 0, -2, 0, 0, 8100, 41, 1, '4', 0, -1, 3),
(2557, 'Leprechaun&prime;s Scale mail ', 'Armatura a scaglie di ferro', 'scale2', 1, -1, 5, 5, 13, 5, 0, -2, 0, 0, 8050, 42, 1, '4', 0, -1, 3),
(2558, 'Leprechaun&prime;s Chainmail Armour', 'maglia di ferro pesante', 'chainmail2', 1, -1, 5, 5, 13, 5, 0, -3, 0, 0, 8150, 42, 1, '5', 0, -1, 3),
(2559, 'Leprechaun&prime;s Breastplate ', 'Armatura composta da un corpetto di piastre posizionate solo nella parte anteriore del corpo', 'breast2', 1, -1, 5, 5, 13, 5, 0, -2, 0, 0, 8200, 42, 1, '5', 0, -1, 3),
(2560, 'Leprechaun&prime;s Splint mail ', 'Armatura di maglie di ferro che copre tutto il corpo come una tunica', 'splint2', 1, -1, 5, 5, 13, 10, 0, -4, 0, 0, 8200, 43, 1, '6', 0, -1, 3),
(2561, 'Leprechaun&prime;s Banded mail ', 'Armatura a bande di ferro. Copre solo parte superiore del corpo', 'banded2', 1, -1, 5, 5, 13, 10, 0, -3, 0, 0, 8250, 43, 1, '6', 0, -1, 3),
(2562, 'Leprechaun&prime;s Half-plate ', 'Armatura di piaste', 'hplate2', 1, -1, 5, 5, 13, 10, 0, -4, 0, 0, 8600, 43, 1, '7', 0, -1, 3),
(2563, 'Leprechaun&prime;s Full plate ', 'Armatura di piastre completa', 'fplate2', 1, -1, 5, 5, 13, 10, 0, -3, 0, 0, 9000, 43, 1, '8', 0, -1, 3),
(2564, 'Leprechaun&prime;s Buckler ', 'Scudo piccolo di legno', 'buckler2', 1, 6, 5, 5, 13, 1, 0, -5, 0, 0, 8015, 41, 1, '1', 0, -1, 2),
(2565, 'Leprechaun&prime;s Shield, light wooden ', 'scudo medio di legno', 'lshieldw2', 1, 7, 5, 5, 13, 1, 0, -5, 0, 0, 8003, 41, 1, '1', 0, -1, 2),
(2566, 'Leprechaun&prime;s Shield, light steel ', 'scudo d''acciaio leggero', 'lshields2', 1, 8, 5, 5, 13, 1, 0, -5, 0, 0, 8009, 41, 1, '1', 0, -1, 2),
(2567, 'Leprechaun&prime;s Shield, heavy wooden ', 'Scudo pesante di legno', 'hshieldw2', 1, 9, 5, 5, 13, 5, 0, -1, 0, 0, 8007, 42, 1, '2', 0, -1, 2),
(2568, 'Leprechaun&prime;s Shield, heavy steel ', 'Scudo d''acciaio pesante', 'hshields2', 1, 10, 5, 5, 13, 5, 0, -1, 0, 0, 8020, 42, 1, '2', 0, -1, 2),
(2569, 'Leprechaun&prime;s Shield, tower ', 'Scudo enorme', 'tower2', 1, 15, 5, 5, 13, 10, 0, -5, 0, 0, 8030, 43, 1, '4', 0, -1, 2),
(2570, 'Elder&prime;s Pugnale', 'Una piccola lama', 'dagger2', 1, 8, 5, 5, 5, 1, 0, 8, 0, 0, 8002, 41, 1, '1d4', 2, 10, 1),
(2571, 'Elder&prime;s Martello', 'Un attrezzo da fabbro', 'hammer2', 1, 8, 5, 5, 5, 1, 0, 8, 0, 0, 8000, 41, 1, '1d3', 1, 5, 1),
(2572, 'Elder&prime;s Piccone', 'Utile per la miniera', 'picc2', 1, 9, 5, 5, 5, 1, 0, 8, 0, 0, 8004, 41, 1, '1d5', 5, 20, 1),
(2573, 'Elder&prime;s Spada corta', 'Utile per difendersi', 'sSword2', 1, 10, 5, 5, 5, 3, 0, 8, 0, 0, 8010, 41, 1, '1d6', 3, 15, 1),
(2574, 'Elder&prime;s Mazza', 'Per chi non ama le armi affilate', 'mace2', 1, 9, 5, 5, 5, 3, 0, 8, 0, 0, 8005, 41, 1, '1d5', 2, 10, 1),
(2575, 'Elder&prime;s Bastone', 'Asta rinforzata', 'staff2', 1, 10, 5, 5, 5, 3, 0, 8, 0, 0, 8000, 41, 1, '1d6', 6, 7, 1),
(2576, 'Elder&prime;s Spada lunga', 'Finalmente una vera arma', 'lSword2', 1, 11, 5, 5, 5, 5, 0, 8, 0, 0, 8015, 41, 1, '1d8', 7, 20, 1),
(2577, 'Elder&prime;s Ascia', 'Non solo per fare legna', 'axe2', 1, 12, 5, 5, 5, 5, 0, 8, 0, 0, 8010, 41, 1, '1d7', 8, 25, 1),
(2578, 'Elder&prime;s Guanto Chiodato', 'Un guanto di ferro', 'gaunt2', 1, 6, 5, 5, 5, 1, 0, 8, 0, 0, 8000, 41, 1, '1d4', 1, 10, 1),
(2579, 'Elder&prime;s Falcetto', 'Usato nei campi', 'sick2', 1, 8, 5, 5, 5, 3, 0, 8, 0, 0, 8006, 41, 1, '1d6', 5, 10, 1),
(2580, 'Elder&prime;s Mezza Lancia', 'Una lancia per i combattimenti ravvicinati', 'sLance2', 1, 11, 5, 5, 5, 3, 0, 8, 0, 0, 8002, 41, 1, '1d6', 3, 10, 1),
(2581, 'Elder&prime;s Morning Star', 'Una palla di ferro con catena ', 'morning2', 1, 8, 5, 6, 5, 3, 0, 8, 0, 0, 8008, 41, 1, '1d6', 1, 15, 1),
(2582, 'Elder&prime;s Padded armour', 'armatura leggera utile per muoversi velocemente tra i boschi', 'padded2', 1, 5, 5, 5, 5, 1, 0, 8, 0, 0, 8005, 41, 1, '1', 0, -1, 3),
(2583, 'Elder&prime;s Leather armour', 'armatura di cuoio. il giusto compromesso per non penalizzare forza e destrezza', 'leather2', 1, 8, 5, 5, 5, 1, 0, 7, 0, 0, 8010, 41, 1, '2', 0, -1, 3),
(2584, 'Elder&prime;s Studded leather Armour', 'Armatura di pelle borchiata. Utile per difendersi da creature piccole e veloci', 'sleather2', 1, 10, 5, 5, 5, 1, 0, 7, 0, 0, 8025, 41, 1, '3', 0, -1, 3),
(2585, 'Elder&prime;s Chain shirt armour', 'maglia di ferro leggera', 'chain2', 1, -1, 5, 5, 5, 1, 0, 6, 0, 0, 8100, 41, 1, '4', 0, -1, 3),
(2586, 'Elder&prime;s Scale mail ', 'Armatura a scaglie di ferro', 'scale2', 1, -1, 5, 5, 5, 5, 0, 6, 0, 0, 8050, 42, 1, '4', 0, -1, 3),
(2587, 'Elder&prime;s Chainmail Armour', 'maglia di ferro pesante', 'chainmail2', 1, -1, 5, 5, 5, 5, 0, 5, 0, 0, 8150, 42, 1, '5', 0, -1, 3),
(2588, 'Elder&prime;s Breastplate ', 'Armatura composta da un corpetto di piastre posizionate solo nella parte anteriore del corpo', 'breast2', 1, -1, 5, 5, 5, 5, 0, 6, 0, 0, 8200, 42, 1, '5', 0, -1, 3),
(2589, 'Elder&prime;s Splint mail ', 'Armatura di maglie di ferro che copre tutto il corpo come una tunica', 'splint2', 1, -1, 5, 5, 5, 10, 0, 4, 0, 0, 8200, 43, 1, '6', 0, -1, 3),
(2590, 'Elder&prime;s Banded mail ', 'Armatura a bande di ferro. Copre solo parte superiore del corpo', 'banded2', 1, -1, 5, 5, 5, 10, 0, 5, 0, 0, 8250, 43, 1, '6', 0, -1, 3),
(2591, 'Elder&prime;s Half-plate ', 'Armatura di piaste', 'hplate2', 1, -1, 5, 5, 5, 10, 0, 4, 0, 0, 8600, 43, 1, '7', 0, -1, 3),
(2592, 'Elder&prime;s Full plate ', 'Armatura di piastre completa', 'fplate2', 1, -1, 5, 5, 5, 10, 0, 5, 0, 0, 9000, 43, 1, '8', 0, -1, 3),
(2593, 'Elder&prime;s Buckler ', 'Scudo piccolo di legno', 'buckler2', 1, 6, 5, 5, 5, 1, 0, 3, 0, 0, 8015, 41, 1, '1', 0, -1, 2),
(2594, 'Elder&prime;s Shield, light wooden ', 'scudo medio di legno', 'lshieldw2', 1, 7, 5, 5, 5, 1, 0, 3, 0, 0, 8003, 41, 1, '1', 0, -1, 2),
(2595, 'Elder&prime;s Shield, light steel ', 'scudo d''acciaio leggero', 'lshields2', 1, 8, 5, 5, 5, 1, 0, 3, 0, 0, 8009, 41, 1, '1', 0, -1, 2),
(2596, 'Elder&prime;s Shield, heavy wooden ', 'Scudo pesante di legno', 'hshieldw2', 1, 9, 5, 5, 5, 5, 0, 7, 0, 0, 8007, 42, 1, '2', 0, -1, 2),
(2597, 'Elder&prime;s Shield, heavy steel ', 'Scudo d''acciaio pesante', 'hshields2', 1, 10, 5, 5, 5, 5, 0, 7, 0, 0, 8020, 42, 1, '2', 0, -1, 2),
(2598, 'Elder&prime;s Shield, tower ', 'Scudo enorme', 'tower2', 1, 15, 5, 5, 5, 10, 0, 3, 0, 0, 8030, 43, 1, '4', 0, -1, 2),
(2599, 'Elf&prime;s Pugnale (major)', 'Una piccola lama', 'dagger2', 1, 8, 5, 5, 5, 1, 0, 0, 9, 0, 9002, 46, 1, '1d4', 2, 10, 1),
(2600, 'Elf&prime;s Martello (major)', 'Un attrezzo da fabbro', 'hammer2', 1, 8, 5, 5, 5, 1, 0, 0, 9, 0, 9000, 46, 1, '1d3', 1, 5, 1),
(2601, 'Elf&prime;s Piccone (major)', 'Utile per la miniera', 'picc2', 1, 9, 5, 5, 5, 1, 0, 0, 9, 0, 9004, 46, 1, '1d5', 5, 20, 1),
(2602, 'Elf&prime;s Spada corta (major)', 'Utile per difendersi', 'sSword2', 1, 10, 5, 5, 5, 3, 0, 0, 9, 0, 9010, 46, 1, '1d6', 3, 15, 1),
(2603, 'Elf&prime;s Mazza (major)', 'Per chi non ama le armi affilate', 'mace2', 1, 9, 5, 5, 5, 3, 0, 0, 9, 0, 9005, 46, 1, '1d5', 2, 10, 1),
(2604, 'Elf&prime;s Bastone (major)', 'Asta rinforzata', 'staff2', 1, 10, 5, 5, 5, 3, 0, 0, 9, 0, 9000, 46, 1, '1d6', 6, 7, 1),
(2605, 'Elf&prime;s Spada lunga (major)', 'Finalmente una vera arma', 'lSword2', 1, 11, 5, 5, 5, 5, 0, 0, 9, 0, 9015, 46, 1, '1d8', 7, 20, 1),
(2606, 'Elf&prime;s Ascia (major)', 'Non solo per fare legna', 'axe2', 1, 12, 5, 5, 5, 5, 0, 0, 9, 0, 9010, 46, 1, '1d7', 8, 25, 1),
(2607, 'Elf&prime;s Guanto Chiodato (major)', 'Un guanto di ferro', 'gaunt2', 1, 6, 5, 5, 5, 1, 0, 0, 9, 0, 9000, 46, 1, '1d4', 1, 10, 1),
(2608, 'Elf&prime;s Falcetto (major)', 'Usato nei campi', 'sick2', 1, 8, 5, 5, 5, 3, 0, 0, 9, 0, 9006, 46, 1, '1d6', 5, 10, 1),
(2609, 'Elf&prime;s Mezza Lancia (major)', 'Una lancia per i combattimenti ravvicinati', 'sLance2', 1, 11, 5, 5, 5, 3, 0, 0, 9, 0, 9002, 46, 1, '1d6', 3, 10, 1),
(2610, 'Elf&prime;s Morning Star (major)', 'Una palla di ferro con catena ', 'morning2', 1, 8, 5, 6, 5, 3, 0, 0, 9, 0, 9008, 46, 1, '1d6', 1, 15, 1),
(2611, 'Elf&prime;s Padded armour (major)', 'armatura leggera utile per muoversi velocemente tra i boschi', 'padded2', 1, 5, 5, 5, 5, 1, 0, 0, 9, 0, 9005, 46, 1, '1', 0, -1, 3),
(2612, 'Elf&prime;s Leather armour (major)', 'armatura di cuoio. il giusto compromesso per non penalizzare forza e destrezza', 'leather2', 1, 8, 5, 5, 5, 1, 0, -1, 9, 0, 9010, 46, 1, '2', 0, -1, 3),
(2613, 'Elf&prime;s Studded leather Armour (major)', 'Armatura di pelle borchiata. Utile per difendersi da creature piccole e veloci', 'sleather2', 1, 10, 5, 5, 5, 1, 0, -1, 9, 0, 9025, 46, 1, '3', 0, -1, 3),
(2614, 'Elf&prime;s Chain shirt armour (major)', 'maglia di ferro leggera', 'chain2', 1, -1, 5, 5, 5, 1, 0, -2, 9, 0, 9100, 46, 1, '4', 0, -1, 3),
(2615, 'Elf&prime;s Scale mail  (major)', 'Armatura a scaglie di ferro', 'scale2', 1, -1, 5, 5, 5, 5, 0, -2, 9, 0, 9050, 47, 1, '4', 0, -1, 3),
(2616, 'Elf&prime;s Chainmail Armour (major)', 'maglia di ferro pesante', 'chainmail2', 1, -1, 5, 5, 5, 5, 0, -3, 9, 0, 9150, 47, 1, '5', 0, -1, 3),
(2617, 'Elf&prime;s Breastplate  (major)', 'Armatura composta da un corpetto di piastre posizionate solo nella parte anteriore del corpo', 'breast2', 1, -1, 5, 5, 5, 5, 0, -2, 9, 0, 9200, 47, 1, '5', 0, -1, 3),
(2618, 'Elf&prime;s Splint mail  (major)', 'Armatura di maglie di ferro che copre tutto il corpo come una tunica', 'splint2', 1, -1, 5, 5, 5, 10, 0, -4, 9, 0, 9200, 48, 1, '6', 0, -1, 3),
(2619, 'Elf&prime;s Banded mail  (major)', 'Armatura a bande di ferro. Copre solo parte superiore del corpo', 'banded2', 1, -1, 5, 5, 5, 10, 0, -3, 9, 0, 9250, 48, 1, '6', 0, -1, 3),
(2620, 'Elf&prime;s Half-plate  (major)', 'Armatura di piaste', 'hplate2', 1, -1, 5, 5, 5, 10, 0, -4, 9, 0, 9600, 48, 1, '7', 0, -1, 3),
(2621, 'Elf&prime;s Full plate  (major)', 'Armatura di piastre completa', 'fplate2', 1, -1, 5, 5, 5, 10, 0, -3, 9, 0, 10000, 48, 1, '8', 0, -1, 3),
(2622, 'Elf&prime;s Buckler  (major)', 'Scudo piccolo di legno', 'buckler2', 1, 6, 5, 5, 5, 1, 0, -5, 9, 0, 9015, 46, 1, '1', 0, -1, 2),
(2623, 'Elf&prime;s Shield, light wooden  (major)', 'scudo medio di legno', 'lshieldw2', 1, 7, 5, 5, 5, 1, 0, -5, 9, 0, 9003, 46, 1, '1', 0, -1, 2),
(2624, 'Elf&prime;s Shield, light steel  (major)', 'scudo d''acciaio leggero', 'lshields2', 1, 8, 5, 5, 5, 1, 0, -5, 9, 0, 9009, 46, 1, '1', 0, -1, 2),
(2625, 'Elf&prime;s Shield, heavy wooden  (major)', 'Scudo pesante di legno', 'hshieldw2', 1, 9, 5, 5, 5, 5, 0, -1, 9, 0, 9007, 47, 1, '2', 0, -1, 2),
(2626, 'Elf&prime;s Shield, heavy steel  (major)', 'Scudo d''acciaio pesante', 'hshields2', 1, 10, 5, 5, 5, 5, 0, -1, 9, 0, 9020, 47, 1, '2', 0, -1, 2),
(2627, 'Elf&prime;s Shield, tower  (major)', 'Scudo enorme', 'tower2', 1, 15, 5, 5, 5, 10, 0, -5, 9, 0, 9030, 48, 1, '4', 0, -1, 2),
(2628, 'Giant&prime;s Pugnale (major)', 'Una piccola lama', 'dagger2', 1, 8, 5, 5, 5, 1, 9, 0, 0, 0, 9002, 46, 1, '1d4', 2, 10, 1),
(2629, 'Giant&prime;s Martello (major)', 'Un attrezzo da fabbro', 'hammer2', 1, 8, 5, 5, 5, 1, 9, 0, 0, 0, 9000, 46, 1, '1d3', 1, 5, 1),
(2630, 'Giant&prime;s Piccone (major)', 'Utile per la miniera', 'picc2', 1, 9, 5, 5, 5, 1, 9, 0, 0, 0, 9004, 46, 1, '1d5', 5, 20, 1),
(2631, 'Giant&prime;s Spada corta (major)', 'Utile per difendersi', 'sSword2', 1, 10, 5, 5, 5, 3, 9, 0, 0, 0, 9010, 46, 1, '1d6', 3, 15, 1),
(2632, 'Giant&prime;s Mazza (major)', 'Per chi non ama le armi affilate', 'mace2', 1, 9, 5, 5, 5, 3, 9, 0, 0, 0, 9005, 46, 1, '1d5', 2, 10, 1),
(2633, 'Giant&prime;s Bastone (major)', 'Asta rinforzata', 'staff2', 1, 10, 5, 5, 5, 3, 9, 0, 0, 0, 9000, 46, 1, '1d6', 6, 7, 1),
(2634, 'Giant&prime;s Spada lunga (major)', 'Finalmente una vera arma', 'lSword2', 1, 11, 5, 5, 5, 5, 9, 0, 0, 0, 9015, 46, 1, '1d8', 7, 20, 1),
(2635, 'Giant&prime;s Ascia (major)', 'Non solo per fare legna', 'axe2', 1, 12, 5, 5, 5, 5, 9, 0, 0, 0, 9010, 46, 1, '1d7', 8, 25, 1),
(2636, 'Giant&prime;s Guanto Chiodato (major)', 'Un guanto di ferro', 'gaunt2', 1, 6, 5, 5, 5, 1, 9, 0, 0, 0, 9000, 46, 1, '1d4', 1, 10, 1),
(2637, 'Giant&prime;s Falcetto (major)', 'Usato nei campi', 'sick2', 1, 8, 5, 5, 5, 3, 9, 0, 0, 0, 9006, 46, 1, '1d6', 5, 10, 1);
INSERT INTO `Item` (`id`, `name`, `description`, `image`, `costAP`, `req_str`, `req_int`, `req_dex`, `req_cha`, `req_lev`, `mod_str`, `mod_int`, `mod_dex`, `mod_cha`, `price`, `level`, `spell`, `damage`, `initiative`, `durability`, `type`) VALUES
(2638, 'Giant&prime;s Mezza Lancia (major)', 'Una lancia per i combattimenti ravvicinati', 'sLance2', 1, 11, 5, 5, 5, 3, 9, 0, 0, 0, 9002, 46, 1, '1d6', 3, 10, 1),
(2639, 'Giant&prime;s Morning Star (major)', 'Una palla di ferro con catena ', 'morning2', 1, 8, 5, 6, 5, 3, 9, 0, 0, 0, 9008, 46, 1, '1d6', 1, 15, 1),
(2640, 'Giant&prime;s Padded armour (major)', 'armatura leggera utile per muoversi velocemente tra i boschi', 'padded2', 1, 5, 5, 5, 5, 1, 9, 0, 0, 0, 9005, 46, 1, '1', 0, -1, 3),
(2641, 'Giant&prime;s Leather armour (major)', 'armatura di cuoio. il giusto compromesso per non penalizzare forza e destrezza', 'leather2', 1, 8, 5, 5, 5, 1, 9, -1, 0, 0, 9010, 46, 1, '2', 0, -1, 3),
(2642, 'Giant&prime;s Studded leather Armour (major)', 'Armatura di pelle borchiata. Utile per difendersi da creature piccole e veloci', 'sleather2', 1, 10, 5, 5, 5, 1, 9, -1, 0, 0, 9025, 46, 1, '3', 0, -1, 3),
(2643, 'Giant&prime;s Chain shirt armour (major)', 'maglia di ferro leggera', 'chain2', 1, -1, 5, 5, 5, 1, 9, -2, 0, 0, 9100, 46, 1, '4', 0, -1, 3),
(2644, 'Giant&prime;s Scale mail  (major)', 'Armatura a scaglie di ferro', 'scale2', 1, -1, 5, 5, 5, 5, 9, -2, 0, 0, 9050, 47, 1, '4', 0, -1, 3),
(2645, 'Giant&prime;s Chainmail Armour (major)', 'maglia di ferro pesante', 'chainmail2', 1, -1, 5, 5, 5, 5, 9, -3, 0, 0, 9150, 47, 1, '5', 0, -1, 3),
(2646, 'Giant&prime;s Breastplate  (major)', 'Armatura composta da un corpetto di piastre posizionate solo nella parte anteriore del corpo', 'breast2', 1, -1, 5, 5, 5, 5, 9, -2, 0, 0, 9200, 47, 1, '5', 0, -1, 3),
(2647, 'Giant&prime;s Splint mail  (major)', 'Armatura di maglie di ferro che copre tutto il corpo come una tunica', 'splint2', 1, -1, 5, 5, 5, 10, 9, -4, 0, 0, 9200, 48, 1, '6', 0, -1, 3),
(2648, 'Giant&prime;s Banded mail  (major)', 'Armatura a bande di ferro. Copre solo parte superiore del corpo', 'banded2', 1, -1, 5, 5, 5, 10, 9, -3, 0, 0, 9250, 48, 1, '6', 0, -1, 3),
(2649, 'Giant&prime;s Half-plate  (major)', 'Armatura di piaste', 'hplate2', 1, -1, 5, 5, 5, 10, 9, -4, 0, 0, 9600, 48, 1, '7', 0, -1, 3),
(2650, 'Giant&prime;s Full plate  (major)', 'Armatura di piastre completa', 'fplate2', 1, -1, 5, 5, 5, 10, 9, -3, 0, 0, 10000, 48, 1, '8', 0, -1, 3),
(2651, 'Giant&prime;s Buckler  (major)', 'Scudo piccolo di legno', 'buckler2', 1, 6, 5, 5, 5, 1, 9, -5, 0, 0, 9015, 46, 1, '1', 0, -1, 2),
(2652, 'Giant&prime;s Shield, light wooden  (major)', 'scudo medio di legno', 'lshieldw2', 1, 7, 5, 5, 5, 1, 9, -5, 0, 0, 9003, 46, 1, '1', 0, -1, 2),
(2653, 'Giant&prime;s Shield, light steel  (major)', 'scudo d''acciaio leggero', 'lshields2', 1, 8, 5, 5, 5, 1, 9, -5, 0, 0, 9009, 46, 1, '1', 0, -1, 2),
(2654, 'Giant&prime;s Shield, heavy wooden  (major)', 'Scudo pesante di legno', 'hshieldw2', 1, 9, 5, 5, 5, 5, 9, -1, 0, 0, 9007, 47, 1, '2', 0, -1, 2),
(2655, 'Giant&prime;s Shield, heavy steel  (major)', 'Scudo d''acciaio pesante', 'hshields2', 1, 10, 5, 5, 5, 5, 9, -1, 0, 0, 9020, 47, 1, '2', 0, -1, 2),
(2656, 'Giant&prime;s Shield, tower  (major)', 'Scudo enorme', 'tower2', 1, 15, 5, 5, 5, 10, 9, -5, 0, 0, 9030, 48, 1, '4', 0, -1, 2),
(2657, 'Leprechaun&prime;s Pugnale (major)', 'Una piccola lama', 'dagger2', 1, 8, 5, 5, 14, 1, 0, 0, 0, 0, 9002, 46, 1, '1d4', 2, 10, 1),
(2658, 'Leprechaun&prime;s Martello (major)', 'Un attrezzo da fabbro', 'hammer2', 1, 8, 5, 5, 14, 1, 0, 0, 0, 0, 9000, 46, 1, '1d3', 1, 5, 1),
(2659, 'Leprechaun&prime;s Piccone (major)', 'Utile per la miniera', 'picc2', 1, 9, 5, 5, 14, 1, 0, 0, 0, 0, 9004, 46, 1, '1d5', 5, 20, 1),
(2660, 'Leprechaun&prime;s Spada corta (major)', 'Utile per difendersi', 'sSword2', 1, 10, 5, 5, 14, 3, 0, 0, 0, 0, 9010, 46, 1, '1d6', 3, 15, 1),
(2661, 'Leprechaun&prime;s Mazza (major)', 'Per chi non ama le armi affilate', 'mace2', 1, 9, 5, 5, 14, 3, 0, 0, 0, 0, 9005, 46, 1, '1d5', 2, 10, 1),
(2662, 'Leprechaun&prime;s Bastone (major)', 'Asta rinforzata', 'staff2', 1, 10, 5, 5, 14, 3, 0, 0, 0, 0, 9000, 46, 1, '1d6', 6, 7, 1),
(2663, 'Leprechaun&prime;s Spada lunga (major)', 'Finalmente una vera arma', 'lSword2', 1, 11, 5, 5, 14, 5, 0, 0, 0, 0, 9015, 46, 1, '1d8', 7, 20, 1),
(2664, 'Leprechaun&prime;s Ascia (major)', 'Non solo per fare legna', 'axe2', 1, 12, 5, 5, 14, 5, 0, 0, 0, 0, 9010, 46, 1, '1d7', 8, 25, 1),
(2665, 'Leprechaun&prime;s Guanto Chiodato (major)', 'Un guanto di ferro', 'gaunt2', 1, 6, 5, 5, 14, 1, 0, 0, 0, 0, 9000, 46, 1, '1d4', 1, 10, 1),
(2666, 'Leprechaun&prime;s Falcetto (major)', 'Usato nei campi', 'sick2', 1, 8, 5, 5, 14, 3, 0, 0, 0, 0, 9006, 46, 1, '1d6', 5, 10, 1),
(2667, 'Leprechaun&prime;s Mezza Lancia (major)', 'Una lancia per i combattimenti ravvicinati', 'sLance2', 1, 11, 5, 5, 14, 3, 0, 0, 0, 0, 9002, 46, 1, '1d6', 3, 10, 1),
(2668, 'Leprechaun&prime;s Morning Star (major)', 'Una palla di ferro con catena ', 'morning2', 1, 8, 5, 6, 14, 3, 0, 0, 0, 0, 9008, 46, 1, '1d6', 1, 15, 1),
(2669, 'Leprechaun&prime;s Padded armour (major)', 'armatura leggera utile per muoversi velocemente tra i boschi', 'padded2', 1, 5, 5, 5, 14, 1, 0, 0, 0, 0, 9005, 46, 1, '1', 0, -1, 3),
(2670, 'Leprechaun&prime;s Leather armour (major)', 'armatura di cuoio. il giusto compromesso per non penalizzare forza e destrezza', 'leather2', 1, 8, 5, 5, 14, 1, 0, -1, 0, 0, 9010, 46, 1, '2', 0, -1, 3),
(2671, 'Leprechaun&prime;s Studded leather Armour (major)', 'Armatura di pelle borchiata. Utile per difendersi da creature piccole e veloci', 'sleather2', 1, 10, 5, 5, 14, 1, 0, -1, 0, 0, 9025, 46, 1, '3', 0, -1, 3),
(2672, 'Leprechaun&prime;s Chain shirt armour (major)', 'maglia di ferro leggera', 'chain2', 1, -1, 5, 5, 14, 1, 0, -2, 0, 0, 9100, 46, 1, '4', 0, -1, 3),
(2673, 'Leprechaun&prime;s Scale mail  (major)', 'Armatura a scaglie di ferro', 'scale2', 1, -1, 5, 5, 14, 5, 0, -2, 0, 0, 9050, 47, 1, '4', 0, -1, 3),
(2674, 'Leprechaun&prime;s Chainmail Armour (major)', 'maglia di ferro pesante', 'chainmail2', 1, -1, 5, 5, 14, 5, 0, -3, 0, 0, 9150, 47, 1, '5', 0, -1, 3),
(2675, 'Leprechaun&prime;s Breastplate  (major)', 'Armatura composta da un corpetto di piastre posizionate solo nella parte anteriore del corpo', 'breast2', 1, -1, 5, 5, 14, 5, 0, -2, 0, 0, 9200, 47, 1, '5', 0, -1, 3),
(2676, 'Leprechaun&prime;s Splint mail  (major)', 'Armatura di maglie di ferro che copre tutto il corpo come una tunica', 'splint2', 1, -1, 5, 5, 14, 10, 0, -4, 0, 0, 9200, 48, 1, '6', 0, -1, 3),
(2677, 'Leprechaun&prime;s Banded mail  (major)', 'Armatura a bande di ferro. Copre solo parte superiore del corpo', 'banded2', 1, -1, 5, 5, 14, 10, 0, -3, 0, 0, 9250, 48, 1, '6', 0, -1, 3),
(2678, 'Leprechaun&prime;s Half-plate  (major)', 'Armatura di piaste', 'hplate2', 1, -1, 5, 5, 14, 10, 0, -4, 0, 0, 9600, 48, 1, '7', 0, -1, 3),
(2679, 'Leprechaun&prime;s Full plate  (major)', 'Armatura di piastre completa', 'fplate2', 1, -1, 5, 5, 14, 10, 0, -3, 0, 0, 10000, 48, 1, '8', 0, -1, 3),
(2680, 'Leprechaun&prime;s Buckler  (major)', 'Scudo piccolo di legno', 'buckler2', 1, 6, 5, 5, 14, 1, 0, -5, 0, 0, 9015, 46, 1, '1', 0, -1, 2),
(2681, 'Leprechaun&prime;s Shield, light wooden  (major)', 'scudo medio di legno', 'lshieldw2', 1, 7, 5, 5, 14, 1, 0, -5, 0, 0, 9003, 46, 1, '1', 0, -1, 2),
(2682, 'Leprechaun&prime;s Shield, light steel  (major)', 'scudo d''acciaio leggero', 'lshields2', 1, 8, 5, 5, 14, 1, 0, -5, 0, 0, 9009, 46, 1, '1', 0, -1, 2),
(2683, 'Leprechaun&prime;s Shield, heavy wooden  (major)', 'Scudo pesante di legno', 'hshieldw2', 1, 9, 5, 5, 14, 5, 0, -1, 0, 0, 9007, 47, 1, '2', 0, -1, 2),
(2684, 'Leprechaun&prime;s Shield, heavy steel  (major)', 'Scudo d''acciaio pesante', 'hshields2', 1, 10, 5, 5, 14, 5, 0, -1, 0, 0, 9020, 47, 1, '2', 0, -1, 2),
(2685, 'Leprechaun&prime;s Shield, tower  (major)', 'Scudo enorme', 'tower2', 1, 15, 5, 5, 14, 10, 0, -5, 0, 0, 9030, 48, 1, '4', 0, -1, 2),
(2686, 'Elder&prime;s Pugnale (major)', 'Una piccola lama', 'dagger2', 1, 8, 5, 5, 5, 1, 0, 9, 0, 0, 9002, 46, 1, '1d4', 2, 10, 1),
(2687, 'Elder&prime;s Martello (major)', 'Un attrezzo da fabbro', 'hammer2', 1, 8, 5, 5, 5, 1, 0, 9, 0, 0, 9000, 46, 1, '1d3', 1, 5, 1),
(2688, 'Elder&prime;s Piccone (major)', 'Utile per la miniera', 'picc2', 1, 9, 5, 5, 5, 1, 0, 9, 0, 0, 9004, 46, 1, '1d5', 5, 20, 1),
(2689, 'Elder&prime;s Spada corta (major)', 'Utile per difendersi', 'sSword2', 1, 10, 5, 5, 5, 3, 0, 9, 0, 0, 9010, 46, 1, '1d6', 3, 15, 1),
(2690, 'Elder&prime;s Mazza (major)', 'Per chi non ama le armi affilate', 'mace2', 1, 9, 5, 5, 5, 3, 0, 9, 0, 0, 9005, 46, 1, '1d5', 2, 10, 1),
(2691, 'Elder&prime;s Bastone (major)', 'Asta rinforzata', 'staff2', 1, 10, 5, 5, 5, 3, 0, 9, 0, 0, 9000, 46, 1, '1d6', 6, 7, 1),
(2692, 'Elder&prime;s Spada lunga (major)', 'Finalmente una vera arma', 'lSword2', 1, 11, 5, 5, 5, 5, 0, 9, 0, 0, 9015, 46, 1, '1d8', 7, 20, 1),
(2693, 'Elder&prime;s Ascia (major)', 'Non solo per fare legna', 'axe2', 1, 12, 5, 5, 5, 5, 0, 9, 0, 0, 9010, 46, 1, '1d7', 8, 25, 1),
(2694, 'Elder&prime;s Guanto Chiodato (major)', 'Un guanto di ferro', 'gaunt2', 1, 6, 5, 5, 5, 1, 0, 9, 0, 0, 9000, 46, 1, '1d4', 1, 10, 1),
(2695, 'Elder&prime;s Falcetto (major)', 'Usato nei campi', 'sick2', 1, 8, 5, 5, 5, 3, 0, 9, 0, 0, 9006, 46, 1, '1d6', 5, 10, 1),
(2696, 'Elder&prime;s Mezza Lancia (major)', 'Una lancia per i combattimenti ravvicinati', 'sLance2', 1, 11, 5, 5, 5, 3, 0, 9, 0, 0, 9002, 46, 1, '1d6', 3, 10, 1),
(2697, 'Elder&prime;s Morning Star (major)', 'Una palla di ferro con catena ', 'morning2', 1, 8, 5, 6, 5, 3, 0, 9, 0, 0, 9008, 46, 1, '1d6', 1, 15, 1),
(2698, 'Elder&prime;s Padded armour (major)', 'armatura leggera utile per muoversi velocemente tra i boschi', 'padded2', 1, 5, 5, 5, 5, 1, 0, 9, 0, 0, 9005, 46, 1, '1', 0, -1, 3),
(2699, 'Elder&prime;s Leather armour (major)', 'armatura di cuoio. il giusto compromesso per non penalizzare forza e destrezza', 'leather2', 1, 8, 5, 5, 5, 1, 0, 8, 0, 0, 9010, 46, 1, '2', 0, -1, 3),
(2700, 'Elder&prime;s Studded leather Armour (major)', 'Armatura di pelle borchiata. Utile per difendersi da creature piccole e veloci', 'sleather2', 1, 10, 5, 5, 5, 1, 0, 8, 0, 0, 9025, 46, 1, '3', 0, -1, 3),
(2701, 'Elder&prime;s Chain shirt armour (major)', 'maglia di ferro leggera', 'chain2', 1, -1, 5, 5, 5, 1, 0, 7, 0, 0, 9100, 46, 1, '4', 0, -1, 3),
(2702, 'Elder&prime;s Scale mail  (major)', 'Armatura a scaglie di ferro', 'scale2', 1, -1, 5, 5, 5, 5, 0, 7, 0, 0, 9050, 47, 1, '4', 0, -1, 3),
(2703, 'Elder&prime;s Chainmail Armour (major)', 'maglia di ferro pesante', 'chainmail2', 1, -1, 5, 5, 5, 5, 0, 6, 0, 0, 9150, 47, 1, '5', 0, -1, 3),
(2704, 'Elder&prime;s Breastplate  (major)', 'Armatura composta da un corpetto di piastre posizionate solo nella parte anteriore del corpo', 'breast2', 1, -1, 5, 5, 5, 5, 0, 7, 0, 0, 9200, 47, 1, '5', 0, -1, 3),
(2705, 'Elder&prime;s Splint mail  (major)', 'Armatura di maglie di ferro che copre tutto il corpo come una tunica', 'splint2', 1, -1, 5, 5, 5, 10, 0, 5, 0, 0, 9200, 48, 1, '6', 0, -1, 3),
(2706, 'Elder&prime;s Banded mail  (major)', 'Armatura a bande di ferro. Copre solo parte superiore del corpo', 'banded2', 1, -1, 5, 5, 5, 10, 0, 6, 0, 0, 9250, 48, 1, '6', 0, -1, 3),
(2707, 'Elder&prime;s Half-plate  (major)', 'Armatura di piaste', 'hplate2', 1, -1, 5, 5, 5, 10, 0, 5, 0, 0, 9600, 48, 1, '7', 0, -1, 3),
(2708, 'Elder&prime;s Full plate  (major)', 'Armatura di piastre completa', 'fplate2', 1, -1, 5, 5, 5, 10, 0, 6, 0, 0, 10000, 48, 1, '8', 0, -1, 3),
(2709, 'Elder&prime;s Buckler  (major)', 'Scudo piccolo di legno', 'buckler2', 1, 6, 5, 5, 5, 1, 0, 4, 0, 0, 9015, 46, 1, '1', 0, -1, 2),
(2710, 'Elder&prime;s Shield, light wooden  (major)', 'scudo medio di legno', 'lshieldw2', 1, 7, 5, 5, 5, 1, 0, 4, 0, 0, 9003, 46, 1, '1', 0, -1, 2),
(2711, 'Elder&prime;s Shield, light steel  (major)', 'scudo d''acciaio leggero', 'lshields2', 1, 8, 5, 5, 5, 1, 0, 4, 0, 0, 9009, 46, 1, '1', 0, -1, 2),
(2712, 'Elder&prime;s Shield, heavy wooden  (major)', 'Scudo pesante di legno', 'hshieldw2', 1, 9, 5, 5, 5, 5, 0, 8, 0, 0, 9007, 47, 1, '2', 0, -1, 2),
(2713, 'Elder&prime;s Shield, heavy steel  (major)', 'Scudo d''acciaio pesante', 'hshields2', 1, 10, 5, 5, 5, 5, 0, 8, 0, 0, 9020, 47, 1, '2', 0, -1, 2),
(2714, 'Elder&prime;s Shield, tower  (major)', 'Scudo enorme', 'tower2', 1, 15, 5, 5, 5, 10, 0, 4, 0, 0, 9030, 48, 1, '4', 0, -1, 2),
(2715, 'Elf&prime;s Pugnale (superior)', 'Una piccola lama', 'dagger2', 1, 8, 5, 5, 5, 1, 0, 0, 10, 0, 10002, 51, 1, '1d4', 2, 10, 1),
(2716, 'Elf&prime;s Martello (superior)', 'Un attrezzo da fabbro', 'hammer2', 1, 8, 5, 5, 5, 1, 0, 0, 10, 0, 10000, 51, 1, '1d3', 1, 5, 1),
(2717, 'Elf&prime;s Piccone (superior)', 'Utile per la miniera', 'picc2', 1, 9, 5, 5, 5, 1, 0, 0, 10, 0, 10004, 51, 1, '1d5', 5, 20, 1),
(2718, 'Elf&prime;s Spada corta (superior)', 'Utile per difendersi', 'sSword2', 1, 10, 5, 5, 5, 3, 0, 0, 10, 0, 10010, 51, 1, '1d6', 3, 15, 1),
(2719, 'Elf&prime;s Mazza (superior)', 'Per chi non ama le armi affilate', 'mace2', 1, 9, 5, 5, 5, 3, 0, 0, 10, 0, 10005, 51, 1, '1d5', 2, 10, 1),
(2720, 'Elf&prime;s Bastone (superior)', 'Asta rinforzata', 'staff2', 1, 10, 5, 5, 5, 3, 0, 0, 10, 0, 10000, 51, 1, '1d6', 6, 7, 1),
(2721, 'Elf&prime;s Spada lunga (superior)', 'Finalmente una vera arma', 'lSword2', 1, 11, 5, 5, 5, 5, 0, 0, 10, 0, 10015, 51, 1, '1d8', 7, 20, 1),
(2722, 'Elf&prime;s Ascia (superior)', 'Non solo per fare legna', 'axe2', 1, 12, 5, 5, 5, 5, 0, 0, 10, 0, 10010, 51, 1, '1d7', 8, 25, 1),
(2723, 'Elf&prime;s Guanto Chiodato (superior)', 'Un guanto di ferro', 'gaunt2', 1, 6, 5, 5, 5, 1, 0, 0, 10, 0, 10000, 51, 1, '1d4', 1, 10, 1),
(2724, 'Elf&prime;s Falcetto (superior)', 'Usato nei campi', 'sick2', 1, 8, 5, 5, 5, 3, 0, 0, 10, 0, 10006, 51, 1, '1d6', 5, 10, 1),
(2725, 'Elf&prime;s Mezza Lancia (superior)', 'Una lancia per i combattimenti ravvicinati', 'sLance2', 1, 11, 5, 5, 5, 3, 0, 0, 10, 0, 10002, 51, 1, '1d6', 3, 10, 1),
(2726, 'Elf&prime;s Morning Star (superior)', 'Una palla di ferro con catena ', 'morning2', 1, 8, 5, 6, 5, 3, 0, 0, 10, 0, 10008, 51, 1, '1d6', 1, 15, 1),
(2727, 'Elf&prime;s Padded armour (superior)', 'armatura leggera utile per muoversi velocemente tra i boschi', 'padded2', 1, 5, 5, 5, 5, 1, 0, 0, 10, 0, 10005, 51, 1, '1', 0, -1, 3),
(2728, 'Elf&prime;s Leather armour (superior)', 'armatura di cuoio. il giusto compromesso per non penalizzare forza e destrezza', 'leather2', 1, 8, 5, 5, 5, 1, 0, -1, 10, 0, 10010, 51, 1, '2', 0, -1, 3),
(2729, 'Elf&prime;s Studded leather Armour (superior)', 'Armatura di pelle borchiata. Utile per difendersi da creature piccole e veloci', 'sleather2', 1, 10, 5, 5, 5, 1, 0, -1, 10, 0, 10025, 51, 1, '3', 0, -1, 3),
(2730, 'Elf&prime;s Chain shirt armour (superior)', 'maglia di ferro leggera', 'chain2', 1, -1, 5, 5, 5, 1, 0, -2, 10, 0, 10100, 51, 1, '4', 0, -1, 3),
(2731, 'Elf&prime;s Scale mail  (superior)', 'Armatura a scaglie di ferro', 'scale2', 1, -1, 5, 5, 5, 5, 0, -2, 10, 0, 10050, 52, 1, '4', 0, -1, 3),
(2732, 'Elf&prime;s Chainmail Armour (superior)', 'maglia di ferro pesante', 'chainmail2', 1, -1, 5, 5, 5, 5, 0, -3, 10, 0, 10150, 52, 1, '5', 0, -1, 3),
(2733, 'Elf&prime;s Breastplate  (superior)', 'Armatura composta da un corpetto di piastre posizionate solo nella parte anteriore del corpo', 'breast2', 1, -1, 5, 5, 5, 5, 0, -2, 10, 0, 10200, 52, 1, '5', 0, -1, 3),
(2734, 'Elf&prime;s Splint mail  (superior)', 'Armatura di maglie di ferro che copre tutto il corpo come una tunica', 'splint2', 1, -1, 5, 5, 5, 10, 0, -4, 10, 0, 10200, 53, 1, '6', 0, -1, 3),
(2735, 'Elf&prime;s Banded mail  (superior)', 'Armatura a bande di ferro. Copre solo parte superiore del corpo', 'banded2', 1, -1, 5, 5, 5, 10, 0, -3, 10, 0, 10250, 53, 1, '6', 0, -1, 3),
(2736, 'Elf&prime;s Half-plate  (superior)', 'Armatura di piaste', 'hplate2', 1, -1, 5, 5, 5, 10, 0, -4, 10, 0, 10600, 53, 1, '7', 0, -1, 3),
(2737, 'Elf&prime;s Full plate  (superior)', 'Armatura di piastre completa', 'fplate2', 1, -1, 5, 5, 5, 10, 0, -3, 10, 0, 11000, 53, 1, '8', 0, -1, 3),
(2738, 'Elf&prime;s Buckler  (superior)', 'Scudo piccolo di legno', 'buckler2', 1, 6, 5, 5, 5, 1, 0, -5, 10, 0, 10015, 51, 1, '1', 0, -1, 2),
(2739, 'Elf&prime;s Shield, light wooden  (superior)', 'scudo medio di legno', 'lshieldw2', 1, 7, 5, 5, 5, 1, 0, -5, 10, 0, 10003, 51, 1, '1', 0, -1, 2),
(2740, 'Elf&prime;s Shield, light steel  (superior)', 'scudo d''acciaio leggero', 'lshields2', 1, 8, 5, 5, 5, 1, 0, -5, 10, 0, 10009, 51, 1, '1', 0, -1, 2),
(2741, 'Elf&prime;s Shield, heavy wooden  (superior)', 'Scudo pesante di legno', 'hshieldw2', 1, 9, 5, 5, 5, 5, 0, -1, 10, 0, 10007, 52, 1, '2', 0, -1, 2),
(2742, 'Elf&prime;s Shield, heavy steel  (superior)', 'Scudo d''acciaio pesante', 'hshields2', 1, 10, 5, 5, 5, 5, 0, -1, 10, 0, 10020, 52, 1, '2', 0, -1, 2),
(2743, 'Elf&prime;s Shield, tower  (superior)', 'Scudo enorme', 'tower2', 1, 15, 5, 5, 5, 10, 0, -5, 10, 0, 10030, 53, 1, '4', 0, -1, 2),
(2744, 'Giant&prime;s Pugnale (superior)', 'Una piccola lama', 'dagger2', 1, 8, 5, 5, 5, 1, 10, 0, 0, 0, 10002, 51, 1, '1d4', 2, 10, 1),
(2745, 'Giant&prime;s Martello (superior)', 'Un attrezzo da fabbro', 'hammer2', 1, 8, 5, 5, 5, 1, 10, 0, 0, 0, 10000, 51, 1, '1d3', 1, 5, 1),
(2746, 'Giant&prime;s Piccone (superior)', 'Utile per la miniera', 'picc2', 1, 9, 5, 5, 5, 1, 10, 0, 0, 0, 10004, 51, 1, '1d5', 5, 20, 1),
(2747, 'Giant&prime;s Spada corta (superior)', 'Utile per difendersi', 'sSword2', 1, 10, 5, 5, 5, 3, 10, 0, 0, 0, 10010, 51, 1, '1d6', 3, 15, 1),
(2748, 'Giant&prime;s Mazza (superior)', 'Per chi non ama le armi affilate', 'mace2', 1, 9, 5, 5, 5, 3, 10, 0, 0, 0, 10005, 51, 1, '1d5', 2, 10, 1),
(2749, 'Giant&prime;s Bastone (superior)', 'Asta rinforzata', 'staff2', 1, 10, 5, 5, 5, 3, 10, 0, 0, 0, 10000, 51, 1, '1d6', 6, 7, 1),
(2750, 'Giant&prime;s Spada lunga (superior)', 'Finalmente una vera arma', 'lSword2', 1, 11, 5, 5, 5, 5, 10, 0, 0, 0, 10015, 51, 1, '1d8', 7, 20, 1),
(2751, 'Giant&prime;s Ascia (superior)', 'Non solo per fare legna', 'axe2', 1, 12, 5, 5, 5, 5, 10, 0, 0, 0, 10010, 51, 1, '1d7', 8, 25, 1),
(2752, 'Giant&prime;s Guanto Chiodato (superior)', 'Un guanto di ferro', 'gaunt2', 1, 6, 5, 5, 5, 1, 10, 0, 0, 0, 10000, 51, 1, '1d4', 1, 10, 1),
(2753, 'Giant&prime;s Falcetto (superior)', 'Usato nei campi', 'sick2', 1, 8, 5, 5, 5, 3, 10, 0, 0, 0, 10006, 51, 1, '1d6', 5, 10, 1),
(2754, 'Giant&prime;s Mezza Lancia (superior)', 'Una lancia per i combattimenti ravvicinati', 'sLance2', 1, 11, 5, 5, 5, 3, 10, 0, 0, 0, 10002, 51, 1, '1d6', 3, 10, 1),
(2755, 'Giant&prime;s Morning Star (superior)', 'Una palla di ferro con catena ', 'morning2', 1, 8, 5, 6, 5, 3, 10, 0, 0, 0, 10008, 51, 1, '1d6', 1, 15, 1),
(2756, 'Giant&prime;s Padded armour (superior)', 'armatura leggera utile per muoversi velocemente tra i boschi', 'padded2', 1, 5, 5, 5, 5, 1, 10, 0, 0, 0, 10005, 51, 1, '1', 0, -1, 3),
(2757, 'Giant&prime;s Leather armour (superior)', 'armatura di cuoio. il giusto compromesso per non penalizzare forza e destrezza', 'leather2', 1, 8, 5, 5, 5, 1, 10, -1, 0, 0, 10010, 51, 1, '2', 0, -1, 3),
(2758, 'Giant&prime;s Studded leather Armour (superior)', 'Armatura di pelle borchiata. Utile per difendersi da creature piccole e veloci', 'sleather2', 1, 10, 5, 5, 5, 1, 10, -1, 0, 0, 10025, 51, 1, '3', 0, -1, 3),
(2759, 'Giant&prime;s Chain shirt armour (superior)', 'maglia di ferro leggera', 'chain2', 1, -1, 5, 5, 5, 1, 10, -2, 0, 0, 10100, 51, 1, '4', 0, -1, 3),
(2760, 'Giant&prime;s Scale mail  (superior)', 'Armatura a scaglie di ferro', 'scale2', 1, -1, 5, 5, 5, 5, 10, -2, 0, 0, 10050, 52, 1, '4', 0, -1, 3),
(2761, 'Giant&prime;s Chainmail Armour (superior)', 'maglia di ferro pesante', 'chainmail2', 1, -1, 5, 5, 5, 5, 10, -3, 0, 0, 10150, 52, 1, '5', 0, -1, 3),
(2762, 'Giant&prime;s Breastplate  (superior)', 'Armatura composta da un corpetto di piastre posizionate solo nella parte anteriore del corpo', 'breast2', 1, -1, 5, 5, 5, 5, 10, -2, 0, 0, 10200, 52, 1, '5', 0, -1, 3),
(2763, 'Giant&prime;s Splint mail  (superior)', 'Armatura di maglie di ferro che copre tutto il corpo come una tunica', 'splint2', 1, -1, 5, 5, 5, 10, 10, -4, 0, 0, 10200, 53, 1, '6', 0, -1, 3),
(2764, 'Giant&prime;s Banded mail  (superior)', 'Armatura a bande di ferro. Copre solo parte superiore del corpo', 'banded2', 1, -1, 5, 5, 5, 10, 10, -3, 0, 0, 10250, 53, 1, '6', 0, -1, 3),
(2765, 'Giant&prime;s Half-plate  (superior)', 'Armatura di piaste', 'hplate2', 1, -1, 5, 5, 5, 10, 10, -4, 0, 0, 10600, 53, 1, '7', 0, -1, 3),
(2766, 'Giant&prime;s Full plate  (superior)', 'Armatura di piastre completa', 'fplate2', 1, -1, 5, 5, 5, 10, 10, -3, 0, 0, 11000, 53, 1, '8', 0, -1, 3),
(2767, 'Giant&prime;s Buckler  (superior)', 'Scudo piccolo di legno', 'buckler2', 1, 6, 5, 5, 5, 1, 10, -5, 0, 0, 10015, 51, 1, '1', 0, -1, 2),
(2768, 'Giant&prime;s Shield, light wooden  (superior)', 'scudo medio di legno', 'lshieldw2', 1, 7, 5, 5, 5, 1, 10, -5, 0, 0, 10003, 51, 1, '1', 0, -1, 2),
(2769, 'Giant&prime;s Shield, light steel  (superior)', 'scudo d''acciaio leggero', 'lshields2', 1, 8, 5, 5, 5, 1, 10, -5, 0, 0, 10009, 51, 1, '1', 0, -1, 2),
(2770, 'Giant&prime;s Shield, heavy wooden  (superior)', 'Scudo pesante di legno', 'hshieldw2', 1, 9, 5, 5, 5, 5, 10, -1, 0, 0, 10007, 52, 1, '2', 0, -1, 2),
(2771, 'Giant&prime;s Shield, heavy steel  (superior)', 'Scudo d''acciaio pesante', 'hshields2', 1, 10, 5, 5, 5, 5, 10, -1, 0, 0, 10020, 52, 1, '2', 0, -1, 2),
(2772, 'Giant&prime;s Shield, tower  (superior)', 'Scudo enorme', 'tower2', 1, 15, 5, 5, 5, 10, 10, -5, 0, 0, 10030, 53, 1, '4', 0, -1, 2),
(2773, 'Leprechaun&prime;s Pugnale (superior)', 'Una piccola lama', 'dagger2', 1, 8, 5, 5, 15, 1, 0, 0, 0, 0, 10002, 51, 1, '1d4', 2, 10, 1),
(2774, 'Leprechaun&prime;s Martello (superior)', 'Un attrezzo da fabbro', 'hammer2', 1, 8, 5, 5, 15, 1, 0, 0, 0, 0, 10000, 51, 1, '1d3', 1, 5, 1),
(2775, 'Leprechaun&prime;s Piccone (superior)', 'Utile per la miniera', 'picc2', 1, 9, 5, 5, 15, 1, 0, 0, 0, 0, 10004, 51, 1, '1d5', 5, 20, 1),
(2776, 'Leprechaun&prime;s Spada corta (superior)', 'Utile per difendersi', 'sSword2', 1, 10, 5, 5, 15, 3, 0, 0, 0, 0, 10010, 51, 1, '1d6', 3, 15, 1),
(2777, 'Leprechaun&prime;s Mazza (superior)', 'Per chi non ama le armi affilate', 'mace2', 1, 9, 5, 5, 15, 3, 0, 0, 0, 0, 10005, 51, 1, '1d5', 2, 10, 1),
(2778, 'Leprechaun&prime;s Bastone (superior)', 'Asta rinforzata', 'staff2', 1, 10, 5, 5, 15, 3, 0, 0, 0, 0, 10000, 51, 1, '1d6', 6, 7, 1),
(2779, 'Leprechaun&prime;s Spada lunga (superior)', 'Finalmente una vera arma', 'lSword2', 1, 11, 5, 5, 15, 5, 0, 0, 0, 0, 10015, 51, 1, '1d8', 7, 20, 1),
(2780, 'Leprechaun&prime;s Ascia (superior)', 'Non solo per fare legna', 'axe2', 1, 12, 5, 5, 15, 5, 0, 0, 0, 0, 10010, 51, 1, '1d7', 8, 25, 1),
(2781, 'Leprechaun&prime;s Guanto Chiodato (superior)', 'Un guanto di ferro', 'gaunt2', 1, 6, 5, 5, 15, 1, 0, 0, 0, 0, 10000, 51, 1, '1d4', 1, 10, 1),
(2782, 'Leprechaun&prime;s Falcetto (superior)', 'Usato nei campi', 'sick2', 1, 8, 5, 5, 15, 3, 0, 0, 0, 0, 10006, 51, 1, '1d6', 5, 10, 1),
(2783, 'Leprechaun&prime;s Mezza Lancia (superior)', 'Una lancia per i combattimenti ravvicinati', 'sLance2', 1, 11, 5, 5, 15, 3, 0, 0, 0, 0, 10002, 51, 1, '1d6', 3, 10, 1),
(2784, 'Leprechaun&prime;s Morning Star (superior)', 'Una palla di ferro con catena ', 'morning2', 1, 8, 5, 6, 15, 3, 0, 0, 0, 0, 10008, 51, 1, '1d6', 1, 15, 1),
(2785, 'Leprechaun&prime;s Padded armour (superior)', 'armatura leggera utile per muoversi velocemente tra i boschi', 'padded2', 1, 5, 5, 5, 15, 1, 0, 0, 0, 0, 10005, 51, 1, '1', 0, -1, 3),
(2786, 'Leprechaun&prime;s Leather armour (superior)', 'armatura di cuoio. il giusto compromesso per non penalizzare forza e destrezza', 'leather2', 1, 8, 5, 5, 15, 1, 0, -1, 0, 0, 10010, 51, 1, '2', 0, -1, 3),
(2787, 'Leprechaun&prime;s Studded leather Armour (superior)', 'Armatura di pelle borchiata. Utile per difendersi da creature piccole e veloci', 'sleather2', 1, 10, 5, 5, 15, 1, 0, -1, 0, 0, 10025, 51, 1, '3', 0, -1, 3),
(2788, 'Leprechaun&prime;s Chain shirt armour (superior)', 'maglia di ferro leggera', 'chain2', 1, -1, 5, 5, 15, 1, 0, -2, 0, 0, 10100, 51, 1, '4', 0, -1, 3),
(2789, 'Leprechaun&prime;s Scale mail  (superior)', 'Armatura a scaglie di ferro', 'scale2', 1, -1, 5, 5, 15, 5, 0, -2, 0, 0, 10050, 52, 1, '4', 0, -1, 3),
(2790, 'Leprechaun&prime;s Chainmail Armour (superior)', 'maglia di ferro pesante', 'chainmail2', 1, -1, 5, 5, 15, 5, 0, -3, 0, 0, 10150, 52, 1, '5', 0, -1, 3),
(2791, 'Leprechaun&prime;s Breastplate  (superior)', 'Armatura composta da un corpetto di piastre posizionate solo nella parte anteriore del corpo', 'breast2', 1, -1, 5, 5, 15, 5, 0, -2, 0, 0, 10200, 52, 1, '5', 0, -1, 3),
(2792, 'Leprechaun&prime;s Splint mail  (superior)', 'Armatura di maglie di ferro che copre tutto il corpo come una tunica', 'splint2', 1, -1, 5, 5, 15, 10, 0, -4, 0, 0, 10200, 53, 1, '6', 0, -1, 3),
(2793, 'Leprechaun&prime;s Banded mail  (superior)', 'Armatura a bande di ferro. Copre solo parte superiore del corpo', 'banded2', 1, -1, 5, 5, 15, 10, 0, -3, 0, 0, 10250, 53, 1, '6', 0, -1, 3),
(2794, 'Leprechaun&prime;s Half-plate  (superior)', 'Armatura di piaste', 'hplate2', 1, -1, 5, 5, 15, 10, 0, -4, 0, 0, 10600, 53, 1, '7', 0, -1, 3),
(2795, 'Leprechaun&prime;s Full plate  (superior)', 'Armatura di piastre completa', 'fplate2', 1, -1, 5, 5, 15, 10, 0, -3, 0, 0, 11000, 53, 1, '8', 0, -1, 3),
(2796, 'Leprechaun&prime;s Buckler  (superior)', 'Scudo piccolo di legno', 'buckler2', 1, 6, 5, 5, 15, 1, 0, -5, 0, 0, 10015, 51, 1, '1', 0, -1, 2),
(2797, 'Leprechaun&prime;s Shield, light wooden  (superior)', 'scudo medio di legno', 'lshieldw2', 1, 7, 5, 5, 15, 1, 0, -5, 0, 0, 10003, 51, 1, '1', 0, -1, 2),
(2798, 'Leprechaun&prime;s Shield, light steel  (superior)', 'scudo d''acciaio leggero', 'lshields2', 1, 8, 5, 5, 15, 1, 0, -5, 0, 0, 10009, 51, 1, '1', 0, -1, 2),
(2799, 'Leprechaun&prime;s Shield, heavy wooden  (superior)', 'Scudo pesante di legno', 'hshieldw2', 1, 9, 5, 5, 15, 5, 0, -1, 0, 0, 10007, 52, 1, '2', 0, -1, 2),
(2800, 'Leprechaun&prime;s Shield, heavy steel  (superior)', 'Scudo d''acciaio pesante', 'hshields2', 1, 10, 5, 5, 15, 5, 0, -1, 0, 0, 10020, 52, 1, '2', 0, -1, 2),
(2801, 'Leprechaun&prime;s Shield, tower  (superior)', 'Scudo enorme', 'tower2', 1, 15, 5, 5, 15, 10, 0, -5, 0, 0, 10030, 53, 1, '4', 0, -1, 2),
(2802, 'Elder&prime;s Pugnale (superior)', 'Una piccola lama', 'dagger2', 1, 8, 5, 5, 5, 1, 0, 10, 0, 0, 10002, 51, 1, '1d4', 2, 10, 1),
(2803, 'Elder&prime;s Martello (superior)', 'Un attrezzo da fabbro', 'hammer2', 1, 8, 5, 5, 5, 1, 0, 10, 0, 0, 10000, 51, 1, '1d3', 1, 5, 1),
(2804, 'Elder&prime;s Piccone (superior)', 'Utile per la miniera', 'picc2', 1, 9, 5, 5, 5, 1, 0, 10, 0, 0, 10004, 51, 1, '1d5', 5, 20, 1),
(2805, 'Elder&prime;s Spada corta (superior)', 'Utile per difendersi', 'sSword2', 1, 10, 5, 5, 5, 3, 0, 10, 0, 0, 10010, 51, 1, '1d6', 3, 15, 1),
(2806, 'Elder&prime;s Mazza (superior)', 'Per chi non ama le armi affilate', 'mace2', 1, 9, 5, 5, 5, 3, 0, 10, 0, 0, 10005, 51, 1, '1d5', 2, 10, 1),
(2807, 'Elder&prime;s Bastone (superior)', 'Asta rinforzata', 'staff2', 1, 10, 5, 5, 5, 3, 0, 10, 0, 0, 10000, 51, 1, '1d6', 6, 7, 1),
(2808, 'Elder&prime;s Spada lunga (superior)', 'Finalmente una vera arma', 'lSword2', 1, 11, 5, 5, 5, 5, 0, 10, 0, 0, 10015, 51, 1, '1d8', 7, 20, 1),
(2809, 'Elder&prime;s Ascia (superior)', 'Non solo per fare legna', 'axe2', 1, 12, 5, 5, 5, 5, 0, 10, 0, 0, 10010, 51, 1, '1d7', 8, 25, 1),
(2810, 'Elder&prime;s Guanto Chiodato (superior)', 'Un guanto di ferro', 'gaunt2', 1, 6, 5, 5, 5, 1, 0, 10, 0, 0, 10000, 51, 1, '1d4', 1, 10, 1),
(2811, 'Elder&prime;s Falcetto (superior)', 'Usato nei campi', 'sick2', 1, 8, 5, 5, 5, 3, 0, 10, 0, 0, 10006, 51, 1, '1d6', 5, 10, 1),
(2812, 'Elder&prime;s Mezza Lancia (superior)', 'Una lancia per i combattimenti ravvicinati', 'sLance2', 1, 11, 5, 5, 5, 3, 0, 10, 0, 0, 10002, 51, 1, '1d6', 3, 10, 1),
(2813, 'Elder&prime;s Morning Star (superior)', 'Una palla di ferro con catena ', 'morning2', 1, 8, 5, 6, 5, 3, 0, 10, 0, 0, 10008, 51, 1, '1d6', 1, 15, 1),
(2814, 'Elder&prime;s Padded armour (superior)', 'armatura leggera utile per muoversi velocemente tra i boschi', 'padded2', 1, 5, 5, 5, 5, 1, 0, 10, 0, 0, 10005, 51, 1, '1', 0, -1, 3),
(2815, 'Elder&prime;s Leather armour (superior)', 'armatura di cuoio. il giusto compromesso per non penalizzare forza e destrezza', 'leather2', 1, 8, 5, 5, 5, 1, 0, 9, 0, 0, 10010, 51, 1, '2', 0, -1, 3),
(2816, 'Elder&prime;s Studded leather Armour (superior)', 'Armatura di pelle borchiata. Utile per difendersi da creature piccole e veloci', 'sleather2', 1, 10, 5, 5, 5, 1, 0, 9, 0, 0, 10025, 51, 1, '3', 0, -1, 3),
(2817, 'Elder&prime;s Chain shirt armour (superior)', 'maglia di ferro leggera', 'chain2', 1, -1, 5, 5, 5, 1, 0, 8, 0, 0, 10100, 51, 1, '4', 0, -1, 3),
(2818, 'Elder&prime;s Scale mail  (superior)', 'Armatura a scaglie di ferro', 'scale2', 1, -1, 5, 5, 5, 5, 0, 8, 0, 0, 10050, 52, 1, '4', 0, -1, 3),
(2819, 'Elder&prime;s Chainmail Armour (superior)', 'maglia di ferro pesante', 'chainmail2', 1, -1, 5, 5, 5, 5, 0, 7, 0, 0, 10150, 52, 1, '5', 0, -1, 3),
(2820, 'Elder&prime;s Breastplate  (superior)', 'Armatura composta da un corpetto di piastre posizionate solo nella parte anteriore del corpo', 'breast2', 1, -1, 5, 5, 5, 5, 0, 8, 0, 0, 10200, 52, 1, '5', 0, -1, 3),
(2821, 'Elder&prime;s Splint mail  (superior)', 'Armatura di maglie di ferro che copre tutto il corpo come una tunica', 'splint2', 1, -1, 5, 5, 5, 10, 0, 6, 0, 0, 10200, 53, 1, '6', 0, -1, 3),
(2822, 'Elder&prime;s Banded mail  (superior)', 'Armatura a bande di ferro. Copre solo parte superiore del corpo', 'banded2', 1, -1, 5, 5, 5, 10, 0, 7, 0, 0, 10250, 53, 1, '6', 0, -1, 3),
(2823, 'Elder&prime;s Half-plate  (superior)', 'Armatura di piaste', 'hplate2', 1, -1, 5, 5, 5, 10, 0, 6, 0, 0, 10600, 53, 1, '7', 0, -1, 3),
(2824, 'Elder&prime;s Full plate  (superior)', 'Armatura di piastre completa', 'fplate2', 1, -1, 5, 5, 5, 10, 0, 7, 0, 0, 11000, 53, 1, '8', 0, -1, 3),
(2825, 'Elder&prime;s Buckler  (superior)', 'Scudo piccolo di legno', 'buckler2', 1, 6, 5, 5, 5, 1, 0, 5, 0, 0, 10015, 51, 1, '1', 0, -1, 2),
(2826, 'Elder&prime;s Shield, light wooden  (superior)', 'scudo medio di legno', 'lshieldw2', 1, 7, 5, 5, 5, 1, 0, 5, 0, 0, 10003, 51, 1, '1', 0, -1, 2),
(2827, 'Elder&prime;s Shield, light steel  (superior)', 'scudo d''acciaio leggero', 'lshields2', 1, 8, 5, 5, 5, 1, 0, 5, 0, 0, 10009, 51, 1, '1', 0, -1, 2),
(2828, 'Elder&prime;s Shield, heavy wooden  (superior)', 'Scudo pesante di legno', 'hshieldw2', 1, 9, 5, 5, 5, 5, 0, 9, 0, 0, 10007, 52, 1, '2', 0, -1, 2),
(2829, 'Elder&prime;s Shield, heavy steel  (superior)', 'Scudo d''acciaio pesante', 'hshields2', 1, 10, 5, 5, 5, 5, 0, 9, 0, 0, 10020, 52, 1, '2', 0, -1, 2),
(2830, 'Elder&prime;s Shield, tower  (superior)', 'Scudo enorme', 'tower2', 1, 15, 5, 5, 5, 10, 0, 5, 0, 0, 10030, 53, 1, '4', 0, -1, 2);

-- --------------------------------------------------------

--
-- Struttura della tabella `NPC`
--
-- Creazione: Set 18, 2014 alle 13:45
--

DROP TABLE IF EXISTS `NPC`;
CREATE TABLE IF NOT EXISTS `NPC` (
  `id` int(10) NOT NULL AUTO_INCREMENT,
  `name` varchar(255) NOT NULL DEFAULT 'Nobody' COMMENT 'NPC name',
  `image` varchar(255) NOT NULL DEFAULT 'nopic.png' COMMENT 'NPC pic',
  `description` text NOT NULL,
  `base_str` int(10) NOT NULL DEFAULT '5' COMMENT 'strength',
  `base_int` int(10) NOT NULL DEFAULT '5' COMMENT 'intelligence',
  `base_dex` int(10) NOT NULL DEFAULT '5' COMMENT 'agility',
  `base_cha` int(10) NOT NULL DEFAULT '5' COMMENT 'charisma',
  `base_pl` int(10) NOT NULL DEFAULT '20' COMMENT 'life points',
  `base_pm` int(10) NOT NULL DEFAULT '5' COMMENT 'magic points',
  `base_pa` int(10) NOT NULL DEFAULT '10' COMMENT 'action points',
  `base_pc` int(10) NOT NULL DEFAULT '5' COMMENT 'charm points',
  `level` int(10) NOT NULL DEFAULT '1' COMMENT 'NPC level',
  `px` int(10) NOT NULL DEFAULT '1' COMMENT 'Experience points',
  `status` int(10) NOT NULL DEFAULT '0' COMMENT 'status',
  `gold` float NOT NULL COMMENT 'money',
  `nitem` smallint(6) NOT NULL DEFAULT '0',
  `useWpn` tinyint(1) NOT NULL DEFAULT '0',
  `useShld` tinyint(1) NOT NULL DEFAULT '0',
  `useArm` tinyint(1) NOT NULL DEFAULT '0',
  `dialog` varchar(255) NOT NULL DEFAULT 'basedialog' COMMENT 'xml for dialogs',
  `ismonster` tinyint(1) NOT NULL DEFAULT '1' COMMENT 'Npc (0) or Monster (1)',
  `areatype` int(11) NOT NULL,
  `nattack` int(11) NOT NULL DEFAULT '1',
  `attack` varchar(255) NOT NULL DEFAULT 'Unarmed,1d1',
  PRIMARY KEY (`id`)
) ENGINE=InnoDB  DEFAULT CHARSET=utf8 AUTO_INCREMENT=89 ;

--
-- Dump dei dati per la tabella `NPC`
--

INSERT INTO `NPC` (`id`, `name`, `image`, `description`, `base_str`, `base_int`, `base_dex`, `base_cha`, `base_pl`, `base_pm`, `base_pa`, `base_pc`, `level`, `px`, `status`, `gold`, `nitem`, `useWpn`, `useShld`, `useArm`, `dialog`, `ismonster`, `areatype`, `nattack`, `attack`) VALUES
(1, 'Goblin', 'goblin', 'Goblins are small humanoid monsters. They vary in height from about 3 to 3  feet (91 - 106 cm) and weigh 40 to 45 pounds (21 - 24 kg). They walk upright even though their arms nearly reach their knees. Their eyes vary from red to yellow and are usually dull and glazed. They have a broad nose that sits on a flat face with pointed ears and a wide mouth. Their mouth contains small, but sharp fangs. Their skin pigment ranges from a deep red through nearly any shade of orange to yellow. Members of the same tribe tend to have the same skin color. Based on their ability scores and the encumbrance rules the average goblin would be able to lift about 60 pounds over his head.', 5, 5, 5, 5, 12, 6, 10, 5, 1, 10, 0, 1, 0, 1, 1, 1, 'basedialog.xml', 1, 0, 1, 'fist,1d1'),
(2, 'Hobgoblin', 'hobgoblin', 'Hobgoblins exist in perpetual war against all other races, believing that "lesser" species are fit only for battle fodder. In mixed groups, hobgoblin officers often lead units of goblins or orcs, whom they bully and make to feel inferior. Other peoples find them paranoid, insulting, and dismissive, while hobgoblins in turn treat all others as potential threats. Hobgoblin mercenaries may offer their services to powerful and wealthy members of other races, however.', 5, 5, 5, 5, 12, 6, 10, 5, 1, 10, 0, 1, 0, 1, 1, 1, 'basedialog.xml', 1, 0, 1, 'fist,1d1'),
(3, 'Actaeon', 'actaeon', 'This solitary creature is a protector of woodland\r\ncreatures. The actaeon is 9'' tall, with the\r\narms, torso, and facial features of a human but\r\nthe antlers and lower legs of an elk; its whole\r\nbody is covered with brown elklike hide.Actaeons are members of the woodland community\r\nalong with centaurs, dryads, etc. They\r\nare sufficiently bold and rare that they are renowned\r\nheroes of these forest folk. Actaeon\r\nsometimes work with druids to preserve the\r\nsafety of the woods, especially if a dangerous\r\nthreat is involved.', 16, 12, 12, 7, 108, 56, 66, 45, 11, 2200, 0, 500, 2, 0, 1, 0, 'basedialog.xml', 1, 0, 2, 'spear,1d6 + 6/breath, 1d6 + 6'),
(4, 'Adaptor', 'adaptor', 'Adaptors are a peculiar race native to all\r\nplanes of existence. They are very intelligent,\r\nand their ancient race has greater and wider\r\nknowledge than any sage, but their cultural philosophy\r\ndemands that they not pass their great\r\nknowledge between planes and human cultures.\r\nInstead, they travel and observe civilization\r\nthroughout the planes, exchanging information\r\nonly among themselves.', 12, 14, 10, 9, 79, 72, 46, 48, 8, 1100, 0, 125, 1, 1, 1, 1, 'basedialog.xml', 1, 0, 2, 'weapon,1d8 + 4 /weapon,1d8 + 4'),
(5, 'Aerial Servant', 'aerialser', 'Aerial servants are humanoid in shape. They\r\nappear to be man-shaped figures of roiling fog;\r\nthey are eerie and menacing.\r\nAerial servants are beings native to the elemental\r\nplane of Air. On their home plane, they\r\nare known by a name which sounds like\r\n"haoou.', 10, 12, 13, 9, 128, 96, 143, 96, 16, 3890, 0, 800, 2, 0, 0, 1, 'basedialog.xml', 1, 0, 1, 'special,4d8'),
(6, 'Sheep', 'sheep', 'This common animal are often in herd.', 6, 6, 6, 5, 16, 10, 10, 10, 2, 25, 0, 15, 0, 0, 0, 0, 'basedialog.xml', 1, 0, 1, 'bite,1d6'),
(7, 'Ant, Giant', 'antg', 'Giant ants are black ants about 6'' long. They are\r\nomnivores and will attack anything edible that lies\r\nin their path (no reaction roll); if they win, they carry\r\ntheir kills back to the nest. Once engaged in\r\ncombat, they will fight to the death, even trying to\r\ncross flames to reach their opponents.\r\nA giant ant nest looks like a large, bare hill.\r\nGiant ant nests are not as heavily populated as\r\nthose of smaller ants.', 3, 3, 9, 4, 27, 10, 22, 14, 4, 125, 0, 25, 0, 0, 0, 0, 'basedialog.xml', 1, 0, 1, 'bite,2d6'),
(8, 'Ape, Snow', 'apeg', 'Snow apes are squat, baboonlike creatures\r\nwith shaggy white fur. They are somewhat intelligent,\r\nand often make simple tools like clubs or\r\nsharpened bones. They cannot, however, grasp\r\nmore complicated concepts, such as the use of a\r\nbow and arrow.', 3, 4, 9, 4, 22, 13, 11, 9, 4, 75, 0, 25, 0, 0, 0, 0, 'basedialog.xml', 1, 0, 1, 'hug,1d8+1'),
(9, 'Ape, White', 'apew', 'White apes have lost their color due to many\r\nyears of living in caves. They are nocturnal herbivores,\r\nlooking for fruits and vegetables at\r\nnight.\r\nThey do not go out of their way to attack characters;\r\nif approached by humans and demihumans\r\nand given a chance to flee, they will do\r\nso. But if creatures approach their lair, the apes\r\nwill threaten the intruders. If their threats are ignored,\r\nthey will attack', 3, 2, 8, 3, 22, 10, 15, 9, 4, 75, 0, 25, 0, 0, 0, 0, 'basedialog.xml', 1, 0, 2, 'clow,1d4/rock, 1d4'),
(10, 'Bandit', 'bandit', 'It''s like a human thief how lives in town or in the wood.', 10, 11, 10, 10, 11, 6, 6, 6, 1, 10, 0, 10, 1, 1, 1, 1, 'basedialog.xml', 1, 0, 1, 'sSword,1d6'),
(11, 'Basilisk', 'basilisk', 'A basilisk is a 10''-long lizard; it looks much\r\nlike a large snake with four legs and a crownlike\r\ngrowth on its head. It may be of any color, but is\r\nusually very bright and distinctive. It is sometimes\r\ncalled the "king of snakes."\r\nThe basilisk is a nonintelligent but very magical\r\nlizard. It lives in underground caverns or wild\r\nand tangled thickets. Any creature hit by a basilisk\r\nmust make a saving throw vs. turn to stone or\r\nbe petrified; all equipment he carries will also be\r\nturned to stone.', 10, 2, 10, 5, 52, 14, 36, 18, 6, 900, 0, 100, 1, 0, 0, 0, 'basedialog.xml', 1, 0, 1, 'bite, 1d10+2'),
(12, 'Baboon, Rock', 'babr', 'Rock baboons are larger versions of normal baboons\r\nand are more intelligent. They are omnivores\r\nbut prefer meat. They are not inclined to\r\neat humans, preferring small herd animals when\r\nthey can catch such beasts. They do not make\r\ntools or weapons but will pick up bones or\r\nbranches to use as clubs.\r\nRock baboons form packs of up to 30 members,\r\neach pack led by a dominant male. They\r\nare ferocious and have vicious tempers. They do\r\nnot speak a true language, but use simple\r\nscreams to communicate warnings and needs.\r\nRock baboons will not go out of their way', 8, 2, 8, 5, 14, 4, 9, 6, 2, 20, 0, 15, 0, 0, 0, 0, 'basedialog.xml', 1, 0, 1, 'staff,1d6'),
(13, 'Bat Normal', 'batn', 'Bats are nocturnal flying insectivores. They often\r\nlive in caves or abandoned buildings and\r\nfind their way about by echolocation (a type of\r\nradar using hearing and echoes to locate objects).\r\nSince they have very weak eyes, spells that affect\r\nsight (such as light) do not work on bats. However,\r\na silence 15'' radius spell will effectively\r\n"blind" a bat. Normal Animal.', 3, 2, 8, 4, 3, 4, 4, 4, 1, 5, 0, 4, 0, 0, 0, 0, 'basedialog.xml', 1, 0, 1, 'bite,1d2'),
(14, 'Bat Giant', 'batg', 'Bats are nocturnal flying insectivores. They often\r\nlive in caves or abandoned buildings and\r\nfind their way about by echolocation (a type of\r\nradar using hearing and echoes to locate objects).\r\nSince they have very weak eyes, spells that affect\r\nsight (such as light) do not work on bats. However,\r\na silence 15'' radius spell will effectively\r\n"blind" a bat. Normal Animal like bat normal but  bigger.', 4, 2, 9, 4, 7, 7, 6, 6, 2, 20, 0, 6, 0, 0, 0, 0, 'basedialog.xml', 1, 0, 1, 'bite,1d4'),
(15, 'Black bear', 'blackbea', 'Black bears have black fur and\r\nstand about 6'' tall. They are omnivores but prefer\r\nroots and berries. A black bear will not usually\r\nattack unless it is cornered and cannot\r\nescape. Adult black bears will fight to the death\r\nto protect their young. They have been known to\r\nraid camps, seeking food. They are especially\r\nfond of such treats as fresh fish and sweets.', 11, 2, 8, 4, 26, 8, 14, 6, 4, 80, 0, 40, 0, 0, 0, 0, 'basedialog.xml', 1, 0, 3, 'claw,1d3/claw,1d3/bite,1d6'),
(16, 'Grizzly', 'grizzly', 'Grizzly bears have silver-tipped\r\nbrown or reddish brown fur and stand about 9''\r\ntall. They are fond of meat and are much more\r\nlikely to attack than black bears. Grizzlies are\r\nfound in most climates, but are most common in\r\nmountains and forests.', 11, 2, 8, 4, 33, 11, 16, 8, 5, 175, 0, 80, 0, 0, 0, 0, 'basedialog.xml', 1, 0, 3, 'claw,1d4/claw,1d4/bite,1d8'),
(17, 'Polar bear', 'polarbe', 'Polar bears have white fur and\r\nstand about 11'' tall. They live in cold regions.\r\nThey usually eat fish, but often attack adventurers.\r\nThese huge bears are good swimmers, and\r\ntheir wide feet allow them to run across snow\r\nwithout sinking.', 11, 2, 8, 4, 39, 15, 17, 10, 6, 280, 0, 130, 0, 0, 0, 0, 'basedialog.xml', 1, 0, 3, 'claw,1d6/claw,1d6/bite,1d10'),
(18, 'Cave bear', 'cavebea', 'These enormous bears stand about\r\n15'' tall. They do not see well at all but hunt very\r\nwell by scent. If hungry, they will follow a track\r\nof blood until they have eaten. They prefer a diet\r\nof fresh-killed red meat and live in caves,\r\nmostly in prehistoric environments or very distant\r\nmountain areas where human civilization\r\nhas not penetrated.', 11, 2, 8, 4, 47, 17, 21, 12, 7, 450, 0, 160, 0, 0, 0, 0, 'basedialog.xml', 1, 0, 3, 'claw,1d8/claw,1d8/bite,1d10+1'),
(19, 'Bee, Giant', 'beegi', 'Giant bees, also called "killer bees," are footlong\r\ngiant bees with nasty tempers. Giant bees\r\nalways attack anyone within 30'' of their hive. If a\r\ngiant bee attack hits, the bee dies, but the creature\r\nstung must make a saving throw vs. poison\r\nor die. The stinger will work its way into the victim,\r\ninflicting 1 point of damage per round, unless\r\na character spends a round pulling it out.\r\nOwing to the great weight of their hives, giant\r\nbees prefer to build their hives in small caves and\r\nunderground areas near the surface.', 3, 1, 7, 2, 3, 4, 0, 1, 1, 5, 0, 1, 0, 0, 0, 0, 'basedialog.xml', 1, 0, 1, 'sting,1d2'),
(20, 'Fire Beetle', 'firebeet', 'Fire beetles are 2 1/2'' - long creatures\r\noften found below ground. A fire beetle\r\nhas two glowing glands above its eyes and one\r\nnear the back of its abdomen. These glands give\r\noff light in a 10'' radius and will continue to glow\r\nfor 1d6 days after they are removed.', 2, 1, 4, 1, 5, 1, 4, 1, 1, 15, 0, 1, 0, 0, 0, 0, 'basedialog.xml', 1, 0, 1, 'bite,2d4'),
(21, 'Oil Beetle', 'oilbee', 'Oil beetles are 3''-long giant beetles\r\nthat sometimes burrow underground. When attacked,\r\nan oil beetle squirts an oily fluid at one\r\nattacker (an attack roll is needed; the range is 5'').\r\nThe oil raises painful blisters, causing a - 2 penalty\r\non the victim''s attack rolls until cured by a cure\r\nlight wounds spell or until 24 hours have passed.', 2, 1, 4, 1, 9, 2, 7, 2, 2, 25, 0, 20, 0, 0, 0, 0, 'basedialog.xml', 1, 0, 1, 'bite,1d6'),
(22, 'Tiger Beetle', 'tigerbee', 'Tiger beetles are 4''-long giant\r\nbeetles with a striped carapace that looks like a\r\ntiger''s skin. They are carnivores and usually prey\r\non robber flies.', 2, 1, 4, 1, 15, 4, 10, 4, 3, 50, 0, 30, 0, 0, 0, 0, 'basedialog.xml', 1, 0, 1, 'bite,2d6+1'),
(23, 'Beholder', 'beholder', 'A beholder, also called an "eye tyrant" or\r\n"sphere of many eyes," looks like a large floating\r\nball (about 4'' in diameter) covered with tough\r\narmor-plated skin. Atop the beholder are ten\r\nsmall eyes on stalks, each with its own magical\r\npower. A large central eye is on the front of the\r\nbody, with a toothy mouth below it.\r\nA beholder moves by means of a slow flight\r\nthat cannot be dispelled. It speaks most languages\r\nand is extremely intelligent, cruel, and\r\ngreedy. It is normally found alone but is rarely\r\n(5% chance) found with 1d6 young (each with\r\n1/10 normal Hit Dice and range of eye effects,\r\nbite damage 1d4 points).\r\nThe beholder''s front eye always projects an\r\nanti-magic ray, which temporarily "turns off all\r\nmagic within 60'' in front of it (see "Anti-Magic"\r\nin Chapter 13). Magical weapons used within\r\nthe ray are treated as if nonmagical. Spells cast\r\nwithin it area of effect are instantly ruined; spells\r\ncast from further away are ruined when the effects\r\nget within range. The beholder will usually\r\nturn to face any character who starts casting, ruining\r\nthe spell.', 10, 16, 11, 10, 78, 77, 59, 50, 11, 4800, 0, 750, 3, 0, 0, 0, 'basedialog.xml', 1, 0, 2, 'bite,2d10+spell'),
(24, 'Berserker', 'berserker', 'Berserkers are fighters who go mad in battle.\r\nMost belong to barbarian cultures typically,\r\nnorthern seagoing cultures.\r\nBerserker reactions are determined normally\r\noutside of combat, but once a battle starts they\r\nwill always fight to the death sometimes attacking\r\ntheir comrades in their blind rage. When\r\nfighting humans or humanlike creatures (such as\r\nkobolds, goblins or orcs), they add + 2 to their\r\nattack rolls due to their ferocity. They never retreat,\r\nsurrender, or take prisoners.', 18, 6, 10, 7, 14, 4, 7, 2, 1, 20, 0, 10, 0, 1, 1, 1, 'basedialog.xml', 1, 0, 1, 'lSword,1d8+3'),
(25, 'black Pudding', 'blackpu', 'A black pudding is a nonintelligent black\r\nblob 5 to 30 feet in diameter. Puddings are always\r\nhungry; they will attack any creature they\r\ncome across.\r\nWith their corrosive touch, they inflict 3d8\r\npoints of damage to living things, and can dissolve\r\nwood and corrode metal in one turn. They\r\ncannot affect stone.\r\nThey can travel on', 10, 1, 8, 3, 56, 8, 40, 10, 10, 1550, 0, 210, 0, 0, 0, 0, 'basedialog.xml', 1, 0, 1, 'special,3d8'),
(26, 'Blast Spore', 'blastsp', 'A blast spore looks almost exactly like a beholder\r\n(see Beholder, above). However, it is a\r\ntype of floating fungus.\r\nWhen seen in dim light, a blast spore is usually\r\nmistaken for a beholder; a character must\r\nroll 10% or less on 1d100 to tell the difference.\r\nWhen characters come within 10'', their chance\r\nfor detection improves to 25%.\r\nIf a blast spore is damaged in any way, it explodes\r\nfor 6-36 (6d6) points of damage to all\r\nwithin 20''; each victim may make a saving throw\r\nvs. wands to take half damage. This explosion\r\ndoes not shower victims with spores the way the\r\nnormal attack does.', 5, 0, 5, 3, 3, 0, 4, 2, 1, 11, 0, 5, 0, 0, 0, 0, 'basedialog.xml', 1, 0, 1, 'poison,1d3'),
(27, 'Blink Dog', 'blikkd', 'This unusual creature is a small, brown-furred,\r\nrugged-looking canine with big jaws. It is not,\r\nhowever, a normal animal. It is intelligent, often\r\ntravels in packs, and uses a limited teleportation\r\nability. It can "blink out" of one spot and immediately\r\nappear ("blink in") at another. It has instincts\r\nthat prevent it from appearing in a solid\r\nobject.', 8, 9, 9, 6, 29, 22, 24, 12, 4, 125, 0, 20, 0, 0, 0, 0, 'basedialog.xml', 1, 0, 1, 'bite,1d6'),
(28, 'Boar normal', 'boarn', 'Wild boars generally prefer forested areas but\r\ncan be found nearly everywhere. They are omnivores\r\nand have extremely bad tempers when disturbed.\r\nThey sometimes lie in thickets in the\r\nforest and charge passersby. They do have the\r\ncharge attack special ability; if they can charge\r\nfor 20 yards before reaching their prey, they inflict\r\ndouble damage when they hit.', 9, 2, 7, 3, 16, 2, 12, 4, 3, 75, 0, 28, 0, 0, 0, 0, 'basedialog.xml', 1, 0, 1, 'tusk,2d4'),
(29, 'Boar great', 'boarg', 'Wild boars generally prefer forested areas but\r\ncan be found nearly everywhere. They are omnivores\r\nand have extremely bad tempers when disturbed.\r\nThey sometimes lie in thickets in the\r\nforest and charge passersby. They do have the\r\ncharge attack special ability; if they can charge\r\nfor 20 yards before reaching their prey, they inflict\r\ndouble damage when they hit.\r\nGreat Boars: These rare boars are huge and\r\nterrifying. They are most often found in "lost\r\nworld" settings and are occasionally used as\r\nmounts by barbaric tribes.', 9, 2, 7, 3, 52, 12, 21, 10, 10, 1555, 0, 155, 0, 0, 0, 0, 'basedialog.xml', 1, 0, 1, 'tusk,2d8'),
(30, 'Bugbear', 'bugbear', 'Bugbears are giant hairy goblinshumanoids\r\nthat grow to about 8'' tall and are covered with\r\nbristly dark fur.\r\nDespite their size and awkward walk, they\r\nmove very quietly and attack without warning\r\nwhenever they can. They surprise on a roll of 1-3\r\n(on 1d6) due to their stealth. When using weapons,\r\nthey add + 1 to all attack and damage rolls\r\nbecause of their strength', 13, 7, 7, 3, 21, 3, 10, 4, 3, 55, 0, 25, 0, 0, 0, 0, 'basedialog.xml', 1, 0, 1, 'weapon,1d8+2'),
(31, 'Caecilia', 'caecilia', 'This giant gray wormlike creature is about 30''\r\nlong. They are meat-eaters and can be found\r\nnearly anywhere.\r\nCaecilia often lie in wait in loose soil just below\r\nthe surface. Whenever a small party of animals\r\nor humans pass, they shoot up out of the\r\nground and begin biting with their large mouths\r\nand sharp teeth. An unadjusted attack roll of 19\r\nor 20 means that the caecilia has swallowed its\r\nprey whole. A victim takes 1d8 points of damage\r\neach round until the victim or the caecilia is\r\ndead.', 10, 0, 4, 3, 33, 3, 12, 4, 6, 500, 0, 85, 0, 0, 0, 0, 'basedialog.xml', 1, 0, 1, 'bite,2d4'),
(32, 'Camel', 'camel', 'The camel is an ill-tempered beast, apt to bite\r\nor kick any creature that gets in its way\r\nincluding its owner. It often kicks with one leg.\r\nCamels are used as pack and riding animals in\r\ndeserts and barren lands (with movement as if in\r\nclear terrain). A well-watered camel may travel\r\nfor two weeks without drinking. Camels are herbivores,\r\npreferring grasses and grains, but will\r\neat animal skin and bones when very hungry.\r\nA camel with one hump is called a dromedary,\r\nand one with two humps is a Bactrian camel.', 9, 2, 8, 2, 10, 5, 10, 3, 2, 28, 0, 10, 1, 0, 0, 0, 'basedialog.xml', 1, 0, 2, 'bite,1d3/fang,1d3'),
(33, 'Carrion Crawler', 'carrioncr', 'This scavenger is a 9''-long, 3''-high manylegged\r\nworm. It can move equally well on a\r\nfloor, wall, or ceiling. Its small mouth is surrounded\r\nby eight tentacles, each 2'' long, which\r\ncan paralyze on a successful hit unless a saving\r\nthrow vs. paralysis is made. A tentacle hit does\r\nno actual damage.\r\nCarrion crawlers are known as scavengers, eating\r\nthe remains of slain animals. But they are also\r\nwilling to go after fresh meat. They will attack\r\nsmall parties of travelers, paralyzing their prey,\r\nand will eat paralyzed victims in three turns unless\r\nexcept when the carrion crawlers are being\r\nattacked.', 6, 0, 7, 2, 14, 2, 8, 3, 3, 80, 0, 10, 0, 0, 0, 0, 'basedialog.xml', 1, 0, 1, 'tentacles,1d6'),
(34, 'Cat great, mountain lion', 'catgrmo', 'This scavenger is a 9''-long, 3''-high manylegged\r\nworm. It can move equally well on a\r\nfloor, wall, or ceiling. Its small mouth is surrounded\r\nby eight tentacles, each 2'' long, which\r\ncan paralyze on a successful hit unless a saving\r\nthrow vs. paralysis is made. A tentacle hit does\r\nno actual damage.\r\nCarrion crawlers are known as scavengers, eating\r\nthe remains of slain animals. But they are also\r\nwilling to go after fresh meat. They will attack\r\nsmall parties of travelers, paralyzing their prey,\r\nand will eat paralyzed victims in three turns unless\r\nexcept when the carrion crawlers are being\r\nattacked.', 9, 2, 9, 2, 18, 4, 10, 3, 3, 80, 0, 25, 0, 0, 0, 0, 'basedialog.xml', 1, 0, 3, 'claw,1d3/claw,1d3/bite,1d6'),
(35, 'Panther', 'panther', 'Panthers are found on plains, forests,\r\nand open shrub lands. They are extremely\r\nquick and can outrun most prey over short distances.\r\nPanthers are usually black-furred.', 10, 2, 9, 2, 24, 7, 11, 4, 4, 105, 0, 30, 0, 0, 0, 0, 'basedialog.xml', 1, 0, 3, 'claw,1d4/claw,1d4/bite,1d8'),
(36, 'Lion', 'lion', 'Lions generally live in warm climates\r\nand thrive in savannah and brush lands near deserts.\r\nThey usually hunt in groups, known as\r\nprides. Male lions have the distinctive lionmane;\r\nfemale lions do not.', 9, 2, 9, 2, 34, 14, 10, 6, 6, 180, 0, 45, 0, 0, 0, 0, 'basedialog.xml', 1, 0, 3, 'claw,1d4+2/claw,1d4+2/bite,1d8+2'),
(38, 'Sabre-tooth Tiger', 'sabret', 'Sabre-tooth tigers are the\r\nlargest and most ferocious of the great cats. They\r\nhave oversized fangs, from which they get their\r\nname. Sabre-tooth tigers are mostly extinct, except\r\nin "lost world" areas.', 10, 2, 10, 2, 48, 20, 12, 7, 9, 600, 0, 80, 0, 0, 0, 0, 'basedialog.xml', 1, 0, 3, 'claw,1d8+1/claw,1d8+1/bite,2d8'),
(39, 'Centaur', 'centaur', 'A centaur is a creature with the head, arms,\r\nand upper body of a man joined to the body and\r\nlegs of a horse. They are of average human intelligence\r\nand often carry weapons (clubs, lances,\r\nand bows; one weapon per creature). A centaur\r\nmay use a charge attack with a lance.\r\nCentaurs will form into small tribes or families.\r\nTheir homes are in dense thickets or woods.\r\nThe females and young will usually stay in the\r\nlair. If attacked, females and young will attempt\r\nto flee; if escape is impossible, they will fight to\r\nthe death. The young fight as 2-HD monsters,\r\nand do less damage (1d2/ld2/ld4).', 11, 10, 10, 9, 23, 14, 16, 10, 4, 85, 0, 20, 1, 1, 0, 0, 'basedialog.xml', 1, 0, 3, 'hoove,1d6/hoove,1d6/weapon,1d6'),
(40, 'Centipede', 'centipede', 'A giant centipede is a foot-long insect with\r\nmany legs. Centipedes prefer dark, damp places\r\nand are often found in dungeons or on the boles\r\nand branches of trees in deep forest. They do not\r\ncommonly attack travelers, but will usually attack\r\nsomeone who disturbs them.\r\nThey attack by biting. The bite does no damage\r\nto characters, but the victim must make a\r\nsaving throw vs. poison or become violently ill\r\nfor 10 days. Characters who do not make their\r\nsaving throws move at half speed and will not be\r\nable to perform any other physical action. The\r\nbite is more effective against very small creatures,\r\nsuch as the birds and insects they eat; such\r\ncreatures must save vs. poison or die.', 4, 1, 4, 2, 3, 0, 4, 1, 1, 5, 0, 0, 0, 0, 0, 0, 'basedialog.xml', 1, 0, 1, 'bite,1d2'),
(41, 'Chimera', 'chimera', 'A chimera is a horrid combination of three\r\ndifferent creatures. It has three heads (goat, lion,\r\nand dragon), the forebody of a lion, the\r\nhindquarters of a goat, and the wings and tail of\r\na dragon.\r\nChimerae are rare, solitary creatures that are\r\nvery territorial. They usually live in wild hills but\r\nmay occasionally be found in some dungeons.\r\nThey might also live in small groupsoften\r\nmated pairs with one or two young.\r\nIn combat, the goat''s head butts, the lion''s\r\nhead bites, and the dragon''s head can bite or\r\nbreathe fire (a cone 50'' long and 10'' wide at the\r\nend, for 3d6 points of damage). The breath can\r\nonly be used three times per day. In a fight, the\r\nchimera has a 50% chance each round to use its\r\nbreath attack; once it has used all three such attacks,\r\nit will use only its other attacks', 10, 6, 11, 4, 58, 17, 37, 8, 9, 2200, 0, 170, 2, 0, 0, 0, 'basedialog.xml', 1, 0, 6, 'claw,1d3/claw,1d3/head,2d4/head,1d10/head,3d4/breath,3d6'),
(42, 'Cockatrice', 'cockatrice', 'This is a magical monster with the head,\r\nwings, and legs of a rooster and the tail of a\r\nsnake. Its beak attack causes 1d6 points of damage.\r\nAny creature bitten or touched by a cockatrice\r\nmust make a saving throw or be turned to stone.\r\nCockatrices may be found anywhere.', 10, 2, 9, 4, 33, 6, 21, 4, 5, 475, 0, 50, 0, 0, 0, 0, 'basedialog.xml', 1, 0, 1, 'break,1d8+1'),
(43, 'Crocodile normal', 'crocodileno', 'Crocodiles are commonly found in tropical and semitropical swamps and rivers. Sometimes they are seen in underground rivers and seas.\r\nAwkward on land, crocodiles do not stray far\r\nfrom water and will spend hours floating just under\r\nthe surface. At such times, they can be mistaken\r\nfor logs.', 10, 2, 10, 3, 11, 1, 10, 2, 2, 25, 0, 5, 0, 0, 0, 0, 'basedialog.xml', 1, 0, 1, 'bite,1d6'),
(44, 'Crocodile large', 'crocodilelar', 'Like Crocodile normal, but bigger', 10, 2, 10, 3, 30, 2, 15, 3, 5, 225, 0, 15, 0, 0, 0, 0, 'basedialog.xml', 1, 0, 1, 'bite, 2d6'),
(45, 'Crocodile giant', 'crocodilegia', 'Like Crocodile large, but bigger', 10, 2, 10, 3, 110, 4, 45, 4, 15, 2550, 0, 65, 1, 0, 0, 0, 'basedialog.xml', 1, 0, 1, 'bite, 3d6+3'),
(46, 'crab giant', 'crab', 'Giant crabs are nonintelligent animals found\r\nin shallow waters, coastal rivers, and buried in\r\nsand on beaches. They cannot swim. The common\r\ngiant crab is 8'' in diameter, but larger specimens\r\nmay be found (up to 6 Hit Dice, Damage\r\n3d6 points per claw).\r\nThey are always hungry and will attack and eat\r\nanything that moves. Salt-water giant crabs have\r\na slightly different appearance than fresh-water\r\ngiant crabs.', 9, 2, 9, 2, 20, 1, 10, 1, 3, 200, 0, 10, 0, 0, 0, 0, 'basedialog.xml', 1, 0, 2, 'pincers 1d4+1/ pincers,1d4+1'),
(47, 'Cyclops', 'cyclops', 'Giant crabs are nonintelligent animals found\r\nin shallow waters, coastal rivers, and buried in\r\nsand on beaches. They cannot swim. The common\r\ngiant crab is 8'' in diameter, but larger specimens\r\nmay be found (up to 6 Hit Dice, Damage\r\n3d6 points per claw).\r\nThey are always hungry and will attack and eat\r\nanything that moves. Salt-water giant crabs have\r\na slightly different appearance than fresh-water\r\ngiant crabs.', 13, 9, 9, 4, 92, 8, 55, 8, 13, 2150, 0, 110, 2, 1, 0, 1, 'basedialog.xml', 1, 0, 1, 'club, 3d12+3'),
(48, 'Dinosaur, Aquatic large', 'dinoalarg', 'Some large land herbivores\r\nhave marine counterparts, similar in appearance\r\nexcept for smaller legs, and fins instead of claws.\r\nSome look like snakes with unarmored turtlelike\r\nbodies. Only the largest aquatic dinosaurs have\r\nhigh morale. Carnivorous types will be more aggressive\r\nand territorial. A very large specimen\r\n(20 + HD) may be able to swallow man-sized\r\nopponents on an attack roll of 20; treasure may\r\nbe found inside its body.', 10, 3, 10, 2, 135, 11, 66, 11, 20, 3250, 0, 350, 2, 0, 0, 0, 'basedialog.xml', 1, 0, 2, 'bite, 4d8/ flipper, 2d6'),
(49, 'Dinosaur, Aquatic small', 'dinoasmall', 'Only primitive fish and eels fall\r\ninto this category. Most flee if disturbed by anything\r\n1 foot long or more.', 9, 3, 10, 2, 40, 3, 33, 5, 6, 425, 0, 25, 0, 0, 0, 0, 'basedialog.xml', 1, 0, 1, 'bite 2d4'),
(50, 'Dinosaur, Aquatic armored', 'dinoaromr', 'All the dinosaurs in this category\r\nare slow in comparison to other marine\r\nlife, because of their large shells. They are the\r\nancestors of modern turtles.', 9, 3, 10, 2, 21, 1, 15, 2, 3, 80, 0, 12, 0, 0, 0, 0, 'basedialog.xml', 1, 0, 1, 'bite 1d4'),
(51, 'Town Merchant', 'merch', '', 5, 5, 5, 5, 20, 5, 10, 5, 1, 1, 0, 0, 0, 0, 0, 0, 'merch1', 0, 0, 1, 'Unarmed,1d1'),
(52, 'Dinosaur, Land Carnivore small', 'dinalandsm', 'These normally attack with\r\nbite only, although some of the larger ones\r\nmight use claws for minimal damage. They commonly\r\nhunt in packs. Only the fastest types gain\r\nthe better armor class (4).', 9, 3, 9, 2, 31, 2, 19, 3, 5, 200, 0, 75, 0, 0, 0, 0, '0', 1, 0, 1, '1bite, 2d6'),
(53, 'Dinosaur, Land Carnivore large', 'dinalandlarg', 'These types usually attack\r\nwith both claws and a bite. Many carnivores of\r\n10 Hit Dice or more hold on with their bites, inflicting\r\nautomatic damage each round. The largest\r\nmay actually swallow prey whole if the attack\r\nroll is 20. Treasure might be found in their stomachs\r\nor droppings.', 9, 3, 9, 2, 115, 10, 55, 10, 20, 2950, 0, 325, 2, 0, 0, 0, '0', 1, 0, 3, '1 claw, 5d8/ 1 bite, 3d6'),
(54, 'Dinosaur, Land Carnivore flying', 'dinalandfly', 'These dinosaurs have wingspreads\r\nof 10 to 60 feet, with body length about\r\n30-40% of the wingspread. With surprise, a flying\r\ncarnivore might swoop upon prey, inflicting\r\ndouble damage if the attack succeeds. Most flying\r\ncarnivores flee if harmed, preferring easier\r\nprey, unless they are very hungry', 9, 3, 9, 2, 47, 5, 28, 7, 7, 350, 0, 35, 0, 0, 0, 0, '0', 1, 0, 1, '1 bite, 3d6'),
(55, 'Djinni (Lesser)', 'djinnil', 'Djinn are intelligent, free-willed, enchanted\r\ncreatures from the elemental plane of Air. They\r\nappear as tall, humanlike beings; 50% of encountered\r\ndjinn are male and 50% are female.\r\nDjinn are basically good-hearted, in spite of\r\ntheir Chaotic alignment.\r\nDjinn are highly magical in nature, and can\r\nonly be harmed by magic or magical weapons. A\r\ndjinn can use each of its seven powers three times\r\neach day.', 8, 14, 9, 9, 41, 39, 35, 10, 8, 1000, 0, 40, 1, 0, 0, 0, '0', 1, 0, 1, 'special 2d8'),
(56, 'Displacer Beast', 'displaceeast', 'A displacer beast looks like a large black panther\r\nwith six legs and a pair of 6'' long tentacles\r\ngrowing from its shoulders. It attacks with these\r\ntentacles, which have sharp hornlike edges.\r\nA displacer beast''s skin bends light rays, so the creature always appears to be 3'' from its actual position. All attackers have a -2 penalty on all position. All attackers have a -2 penalty on al', 8, 3, 8, 4, 38, 8, 19, 6, 6, 550, 0, 30, 0, 0, 0, 0, '0', 1, 0, 2, '1 tentacles 2d4/1 tentacles 2d4'),
(57, 'Doppleganger', 'doppleganger', 'These man-sized shape-changing creatures are\r\nintelligent and evil. A doppleganger is able to\r\nshape itself into the exact form of any human,\r\ndemihuman, or humanoid creature it sees (up to\r\n7'' tall). Once in the form of the person it is imitating,\r\nit attacks that person, intending to kill\r\nhim and assume his identity. Its favorite trick is\r\nto kill the original person in some way without\r\nalerting the party. Then, in the role of that individual,\r\nit attacks others by surprise, often when\r\nthey are already engaged in combat.', 9, 9, 9, 4, 26, 10, 19, 5, 4, 150, 0, 20, 0, 0, 0, 0, '0', 1, 0, 1, '1 bite, 1d12'),
(58, 'Dragon white small', 'drawsmall', '-', 9, 9, 9, 5, 38, 20, 23, 8, 6, 900, 0, 45, 1, 0, 0, 0, '0', 1, 0, 3, '1 bite, 2d8/ 1 claw 1d4, 1 claw 1d4'),
(59, 'Dragon white large', 'drawlarg', '-', 9, 9, 9, 5, 58, 25, 31, 10, 9, 2100, 0, 65, 2, 0, 0, 0, '0', 1, 0, 3, '1 bite, 2d8+4/ 1 claw 1d6+1, 1 claw 1d6+1'),
(60, 'Dragon white Huge', 'drawhug', '-', 9, 9, 9, 5, 72, 37, 40, 15, 12, 3450, 0, 125, 3, 0, 0, 0, '0', 1, 0, 3, '1 bite, 2d8+8/ 1 claw 1d8+2, 1 claw 1d8+2'),
(61, 'Dragon blue small', 'drablusm', '-', 9, 9, 9, 5, 62, 33, 32, 10, 9, 2200, 0, 115, 1, 0, 0, 0, '0', 1, 0, 3, '1 bite, 3d10/ 1 claw 1d6+1, 1 claw 1d6+1'),
(62, 'Dragon blue large', 'drablula', '-', 9, 9, 9, 5, 90, 52, 66, 13, 15, 3150, 0, 175, 2, 0, 0, 0, '0', 1, 0, 3, '1 bite, 3d10+4/ 1 claw 1d8+2, 1 claw 1d8+2'),
(63, 'Dragon blue huge', 'drabluhug', '-', 9, 9, 9, 5, 105, 60, 73, 23, 18, 4250, 0, 190, 3, 0, 0, 0, '0', 1, 0, 3, '1 bite, 3d10+8/ 1 claw 1d10+3, 1 claw 1d10+3'),
(64, 'Dragon black small', 'dragoblacsm', '-', 9, 9, 9, 5, 45, 22, 25, 13, 7, 1050, 0, 55, 1, 0, 0, 0, '0', 1, 0, 3, '1 bite, 2d10/ 1 claw 1d4+1, 1 claw 1d4+1'),
(65, 'Dragon black large', 'dragoblaclar', '-', 9, 9, 9, 5, 86, 41, 40, 17, 13, 2900, 0, 145, 2, 0, 0, 0, '0', 1, 0, 3, '1 bite, 2d10+4/ 1 claw 1d6+2, 1 claw 1d6+2'),
(66, 'Dragon black huge', 'dragoblahuge', '-', 9, 9, 9, 5, 88, 46, 45, 19, 14, 3000, 0, 159, 3, 0, 0, 0, '0', 1, 0, 3, '1 bite, 2d10+8/ 1 claw 1d6+3, 1 claw 1d6+3'),
(67, 'Dragon red small', 'dragoredsma', '-', 9, 9, 9, 5, 67, 37, 37, 14, 10, 1900, 0, 110, 1, 0, 0, 0, '0', 1, 0, 3, '1 bite, 4d8/ 1 claw 1d8, 1 claw 1d8'),
(68, 'Dragon red large', 'dragoredlar', '-', 9, 9, 9, 5, 92, 53, 58, 19, 15, 3800, 0, 149, 2, 0, 0, 0, '0', 1, 0, 3, '1 bite, 4d8+4/ 1 claw 1d10+1, 1 claw 1d10+1'),
(69, 'Dragon red huge', 'dragoredhug', '-', 9, 9, 9, 5, 117, 68, 73, 25, 20, 5300, 0, 225, 3, 0, 0, 0, '0', 1, 0, 3, '1 bite, 4d8+4/ 1 claw 1d12+2, 1 claw 1d12+2'),
(70, 'Dragon green small', 'dragogresmal', '-', 9, 9, 9, 5, 46, 20, 24, 11, 8, 1250, 0, 88, 1, 0, 0, 0, '0', 1, 0, 3, '1 bite, 3d8/ 1 claw 1d6, 1 claw 1d6'),
(71, 'Dragon green large', 'dragogrelar', '-', 9, 9, 9, 5, 58, 28, 32, 15, 12, 2350, 0, 100, 2, 0, 0, 0, '0', 1, 0, 3, '1 bite, 3d8+4/ 1 claw 1d8+1, 1 claw 1d8+1'),
(72, 'Dragon green huge', 'dragogrehug', '-', 9, 9, 9, 5, 92, 56, 50, 20, 16, 3500, 0, 180, 3, 0, 0, 0, '0', 1, 0, 3, '1 bite, 3d8+8/ 1 claw 1d10+2, 1 claw 1d10+2'),
(73, 'Dragon gold small', 'dragogolsma', '-', 9, 9, 9, 5, 74, 42, 40, 13, 11, 1450, 0, 83, 2, 0, 0, 0, '0', 1, 0, 3, '1 bite, 6d6/ 1 claw 2d4, 1 claw 2d4'),
(74, 'Dragon gold large', 'dragogollarg', '-', 9, 9, 9, 5, 106, 63, 69, 25, 19, 4150, 0, 180, 3, 0, 0, 0, '0', 1, 0, 3, '1 bite, 6d6+4/ 1 claw 3d4, 1 claw 3d4'),
(75, 'Dragon gold huge', 'dragogolhug', '-', 9, 9, 9, 5, 120, 72, 80, 30, 22, 6150, 0, 270, 4, 0, 0, 0, '0', 1, 0, 3, '1 bite, 6d6+8/ 1 claw 4d4, 1 claw 4d4'),
(76, 'Dragon pearl', 'dragoper', '-', 12, 18, 10, 10, 130, 90, 90, 40, 24, 7150, 0, 300, 5, 0, 0, 0, '0', 1, 0, 3, '1 bite, 6d8/ 1 claw 2d8, 1 claw 2d8'),
(77, 'Dragon opal', 'dragoopal', '-', 12, 18, 10, 10, 140, 96, 95, 48, 27, 7700, 0, 350, 6, 0, 0, 0, '0', 1, 0, 3, '1 bite, 6d8+4/ 1 claw 2d8+2, 1 claw 2d8+2'),
(78, 'Dragon diamond', 'dragodiam', '-', 12, 18, 10, 10, 150, 103, 105, 60, 30, 8500, 0, 400, 7, 0, 0, 0, '0', 1, 0, 3, '1 bite, 6d8+8/ 1 claw 2d8+4, 1 claw 2d8+4'),
(79, 'king of Dragon', 'kingdra', '-', 18, 18, 18, 18, 220, 180, 170, 120, 40, 12500, 0, 900, 9, 0, 0, 0, '0', 1, 0, 3, '1 bite, 6d10/ 1 claw 3d10, 1 claw 3d10'),
(80, 'mandrake', 'mandrake', 'These tan drakes can change into\r\nhuman form, and they enjoy the company of\r\nmen. They often hold minor jobs in stables and\r\ntaverns in towns (never in positions of importance\r\nor power), and may pretend to be adventurers.\r\nThey often steal food from town\r\nstorehouses, and valuables from wandering\r\ntownsfolk.', 8, 10, 8, 5, 20, 10, 14, 5, 3, 100, 0, 25, 0, 0, 0, 0, '0', 1, 0, 3, '1 bite, 1d6/ 1 claw 1d2, 1 claw 1d2'),
(81, 'wooddrake', 'wooddrake', 'These tan drakes can change into\r\nhuman form, and they enjoy the company of\r\nmen. They often hold minor jobs in stables and\r\ntaverns in towns (never in positions of importance\r\nor power), and may pretend to be adventurers.\r\nThey often steal food from town\r\nstorehouses, and valuables from wandering\r\ntownsfolk.', 8, 10, 8, 5, 28, 14, 19, 7, 4, 135, 0, 30, 0, 0, 0, 0, '0', 1, 0, 3, '1 bite, 1d8/ 1 claw 1d2, 1 claw 1d2'),
(82, 'Colddrake', 'colddrake', 'These white drakes shun the light\r\nof day, living deep underground (usually in icy\r\ncaverns). They can change themselves into dwarf\r\nor gnome forms, and can sometimes be found\r\namidst an underground dwarf or gnome community.', 8, 10, 8, 5, 35, 17, 23, 9, 5, 350, 0, 30, 0, 0, 0, 0, '0', 1, 0, 3, '1 bite, 2d4+4/ 1 claw 1d2, 1 claw 1d2'),
(83, 'Drolem', 'drolem', 'A drolem is a type of golem that looks like a\r\ndragon; it can be made to look like a dragon of\r\nany color, or may simply be a dragon skeleton.\r\nLike other golems, it is not alive, but a construct\r\nmade by a high level magic-user or cleric.\r\nDrolems are extremely rare, made and used only\r\nto guard a special item or area. A special\r\nbook and severa', 9, 3, 9, 5, 123, 10, 68, 14, 20, 5100, 0, 215, 2, 0, 0, 0, '0', 1, 0, 3, '1 bite, 1d20+15/ 1 claw 2d6, 1 claw 2d6'),
(84, 'Dryad', 'dryad', 'Dryads are beautiful female tree spirits who\r\nlive in trees, in woodland settings or dense forests.\r\nThey are very shy and nonviolent, but very\r\nsuspicious of strangers. If a dryad wishes to be\r\nunobserved, she will join with her tree, becoming\r\npan of it.', 9, 12, 9, 5, 17, 7, 8, 4, 2, 30, 0, 10, 0, 0, 0, 0, '0', 1, 0, 1, 'staff,1d8'),
(85, 'Dwarf (simple)', 'dwarf', '-', 13, 10, 10, 9, 9, 2, 5, 2, 1, 15, 0, 5, 0, 1, 1, 1, '0', 1, 0, 1, 'weapon, 1d8+1'),
(86, 'Efreeti, Lesser', 'efreetiles', 'Efreet are free-willed, enchanted creatures\r\nfrom the elemental plane of Fire. They usually\r\nappear as clouds of smoke, condensing into\r\ngiant-sized men surrounded by flames. The air\r\naround them is always hot and smoky. Efreet are\r\nhighly magical, and can only be hit with magical\r\nweapons. If slain, the efreeti''s spirit returns to its\r\nown plane.', 13, 14, 10, 9, 50, 25, 19, 10, 10, 1550, 1, 55, 0, 0, 0, 0, '0', 1, 0, 1, '1 fist, 2d8+1'),
(87, 'Efreeti greater', 'efreetigre', 'like Efreeti Lesser, but bigger and more hungry!', 13, 14, 10, 9, 105, 55, 48, 25, 20, 4850, 0, 193, 2, 0, 0, 0, '0', 1, 0, 2, '1 fist 3D10+1, 1 fist 3D10+1'),
(88, 'Mage Merchant', 'mage', 'Mage Merchant', 5, 5, 5, 10, 20, 5, 10, 5, 1, 1, 0, 0, 0, 0, 0, 0, 'smerch1', 0, 0, 1, 'Unarmed,1d1');

-- --------------------------------------------------------

--
-- Struttura della tabella `Player`
--
-- Creazione: Set 18, 2014 alle 13:45
--

DROP TABLE IF EXISTS `Player`;
CREATE TABLE IF NOT EXISTS `Player` (
  `id` int(10) NOT NULL AUTO_INCREMENT,
  `aid` varchar(16) NOT NULL DEFAULT 'admin',
  `name` varchar(255) NOT NULL DEFAULT 'Nobody' COMMENT 'Character name',
  `image` varchar(255) NOT NULL DEFAULT 'nopic.png' COMMENT 'Avatar image for the PG',
  `base_str` int(11) NOT NULL DEFAULT '5' COMMENT 'strength',
  `base_int` int(10) NOT NULL DEFAULT '5' COMMENT 'intelligence',
  `base_dex` int(10) NOT NULL DEFAULT '5' COMMENT 'agility',
  `base_cha` int(10) NOT NULL DEFAULT '5' COMMENT 'charisma',
  `base_pl` int(10) NOT NULL DEFAULT '20' COMMENT 'life points',
  `base_pm` int(10) NOT NULL DEFAULT '5' COMMENT 'magic points',
  `base_pa` int(10) NOT NULL DEFAULT '10' COMMENT 'action points',
  `base_pc` int(10) NOT NULL DEFAULT '5' COMMENT 'charm points',
  `pl` int(11) NOT NULL,
  `pm` int(11) NOT NULL,
  `pa` int(11) NOT NULL,
  `pc` int(11) NOT NULL,
  `stats_mod` bigint(20) NOT NULL DEFAULT '0',
  `level` int(10) NOT NULL DEFAULT '1' COMMENT 'Player level',
  `px` int(10) NOT NULL DEFAULT '1' COMMENT 'experience points',
  `assign` smallint(6) NOT NULL DEFAULT '0',
  `status` int(10) NOT NULL DEFAULT '0' COMMENT 'status',
  `areaItem` int(10) NOT NULL DEFAULT '0' COMMENT 'player location',
  `gold` float NOT NULL DEFAULT '0.1' COMMENT 'money',
  `nattack` int(11) NOT NULL DEFAULT '1',
  `attack` varchar(255) NOT NULL DEFAULT '{"base":1}',
  `battle` varchar(512) NOT NULL,
  PRIMARY KEY (`id`),
  KEY `PlayerLocation` (`areaItem`),
  KEY `AccountName` (`aid`)
) ENGINE=InnoDB  DEFAULT CHARSET=utf8 AUTO_INCREMENT=31 ;

--
-- Dump dei dati per la tabella `Player`
--

INSERT INTO `Player` (`id`, `aid`, `name`, `image`, `base_str`, `base_int`, `base_dex`, `base_cha`, `base_pl`, `base_pm`, `base_pa`, `base_pc`, `pl`, `pm`, `pa`, `pc`, `stats_mod`, `level`, `px`, `assign`, `status`, `areaItem`, `gold`, `nattack`, `attack`, `battle`) VALUES
(13, 'mike', 'testChar', 'testChar_mike.jpg', 8, 8, 6, 7, 20, 5, 10, 5, 21, 5, 9, 6, 1405412694901, 2, 1256, 0, 0, 12, 122, 1, 'Unarmed,1d1', 'S1,A7'),
(15, 'test1', 'testChar', 'testChar_test1.gif', 5, 5, 5, 5, 20, 5, 10, 5, 21, 6, 11, 6, 0, 1, 0, 0, 0, 1, 0, 1, 'Unarmed,1d1', ''),
(16, 'Panificator', 'Panificator', 'Panificator_Panificator.jpg', 5, 5, 5, 5, 20, 5, 10, 5, 21, 6, 11, 6, 0, 1, 1, 0, 0, 3, 0, 1, 'Unarmed,1d1', ''),
(17, 'Stella.to', 'Stella', 'pg_void.png', 5, 5, 5, 5, 20, 5, 10, 5, 21, 6, 11, 6, 0, 1, 1, 0, 0, 1, 0, 1, 'Unarmed,1d1', ''),
(18, 'mike', 'pulentintest', 'pg_void.png', 5, 5, 5, 5, 20, 5, 10, 5, 21, 6, 11, 6, 0, 1, 1, 0, 0, 1, 0, 1, 'Unarmed,1d1', ''),
(19, 'admin', 'ciko', 'ciko_admin.jpg', 19, 6, 12, 5, 31, 5, 10, 5, 34, 5, 1, 6, 1405402655573, 5, 11375, 0, 0, 15, 848, 1, 'Unarmed,1d1', 'A15'),
(20, 'mike', 'Mainaroz', 'Mainaroz_mike.jpg', 5, 5, 5, 5, 20, 5, 10, 5, 21, 6, 11, 6, 0, 1, 1, 0, 0, 3, 0, 1, 'Fists,1d1', ''),
(21, 'camilla', 'cizzo', 'cizzo_camilla.JPG', 7, 5, 6, 5, 20, 5, 10, 5, 14, 6, 5, 6, 1393844938932, 1, 849, 3, 0, 8, 107, 1, 'Fists,1d1', ''),
(22, 'test', 'testChar', 'pg_void.png', 5, 5, 5, 5, 20, 5, 10, 5, 21, 6, 7, 6, 1240815670761, 1, 1, 0, 0, 3, 0, 1, 'Fists,1d1', ''),
(23, 'berny', 'LordBerny', 'Lord Berny_berny.jpg', 5, 5, 5, 5, 20, 5, 10, 5, 21, 6, 11, 6, 0, 1, 1, 0, 0, 15, 0, 1, 'Fists,1d1', ''),
(24, 'abbo15', 'Abbo', 'Abbo_abbo15.jpg', 5, 5, 5, 5, 20, 5, 10, 5, 21, 6, 11, 6, 0, 1, 11, 0, 0, 5, 5, 1, 'Fists,1d1', ''),
(25, 'Tokarev', 'Tokarev', 'Tokarev_tokarev.tga', 5, 5, 5, 5, 20, 5, 10, 5, 21, 6, 2, 6, 1243835903967, 1, 27, 0, 0, 9, 6, 1, 'Fists,1d1', ''),
(26, 'defeater', 'defeater', 'pg_void.png', 5, 5, 5, 5, 20, 5, 10, 5, 0, 6, 0, 6, 1405411308939, 1, 1, 0, 0, 8, 0, 1, 'Fists,1d1', ''),
(27, 'cami79', 'Cami', 'Cami_cami79.jpg', 5, 5, 5, 5, 20, 5, 10, 5, 9, 6, 0, 6, 1255812923955, 1, 638, 3, 0, 8, 15, 1, 'Fists,1d1', ''),
(28, 'ivomania', 'ivomania', 'pg_void.png', 5, 5, 5, 5, 20, 5, 10, 5, 21, 6, 11, 6, 0, 1, 1, 0, 0, 1, 0, 1, 'Fists,1d1', ''),
(29, 'teouzz', 'Matice', 'pg_void.png', 5, 5, 5, 5, 20, 5, 10, 5, 21, 6, 11, 6, 0, 1, 12, 0, 0, 18, 5, 1, 'Fists,1d1', ''),
(30, 'Pomata', 'Pomata', 'pg_void.png', 5, 5, 5, 5, 20, 5, 10, 5, 21, 6, 11, 6, 0, 1, 6, 0, 0, 18, 1, 1, 'Fists,1d1', '');

-- --------------------------------------------------------

--
-- Struttura della tabella `PlayerKnowSpell`
--
-- Creazione: Set 18, 2014 alle 13:45
--

DROP TABLE IF EXISTS `PlayerKnowSpell`;
CREATE TABLE IF NOT EXISTS `PlayerKnowSpell` (
  `id` int(11) NOT NULL AUTO_INCREMENT,
  `Playerid` int(10) NOT NULL,
  `Spellid` int(10) NOT NULL,
  `status` int(11) NOT NULL DEFAULT '0',
  PRIMARY KEY (`id`),
  KEY `Knowing` (`Playerid`),
  KEY `Known` (`Spellid`)
) ENGINE=InnoDB  DEFAULT CHARSET=utf8 AUTO_INCREMENT=4 ;

--
-- Dump dei dati per la tabella `PlayerKnowSpell`
--

INSERT INTO `PlayerKnowSpell` (`id`, `Playerid`, `Spellid`, `status`) VALUES
(1, 13, 2, 1),
(2, 13, 3, 1),
(3, 19, 2, 0);

-- --------------------------------------------------------

--
-- Struttura della tabella `PlayerOwnItem`
--
-- Creazione: Set 18, 2014 alle 13:45
--

DROP TABLE IF EXISTS `PlayerOwnItem`;
CREATE TABLE IF NOT EXISTS `PlayerOwnItem` (
  `id` int(11) NOT NULL AUTO_INCREMENT,
  `Playerid` int(10) NOT NULL,
  `Itemid` int(10) NOT NULL,
  `status` int(10) NOT NULL DEFAULT '0' COMMENT 'status for equipped item',
  `bodypart` int(10) NOT NULL DEFAULT '0',
  PRIMARY KEY (`id`),
  KEY `PlayerOwn` (`Playerid`),
  KEY `ItemOwned` (`Itemid`)
) ENGINE=InnoDB  DEFAULT CHARSET=utf8 AUTO_INCREMENT=28 ;

--
-- Dump dei dati per la tabella `PlayerOwnItem`
--

INSERT INTO `PlayerOwnItem` (`id`, `Playerid`, `Itemid`, `status`, `bodypart`) VALUES
(7, 13, 15, 0, 1),
(8, 13, 16, 0, 0),
(9, 13, 26, 0, 0),
(10, 13, 27, 0, 3),
(13, 19, 41, 0, 2),
(14, 13, 39, 0, 2),
(15, 19, 21, 0, 1),
(16, 19, 34, 0, 3),
(22, 19, 26, 0, 0),
(23, 19, 29, 0, 0),
(24, 13, 29, 0, 0),
(25, 19, 40, 0, 0),
(26, 19, 23, 0, 0),
(27, 19, 41, 0, 0);

-- --------------------------------------------------------

--
-- Struttura della tabella `Spell`
--
-- Creazione: Set 18, 2014 alle 13:45
--

DROP TABLE IF EXISTS `Spell`;
CREATE TABLE IF NOT EXISTS `Spell` (
  `id` int(10) NOT NULL AUTO_INCREMENT,
  `name` varchar(255) NOT NULL DEFAULT 'NoSpell' COMMENT 'item name',
  `description` varchar(255) NOT NULL DEFAULT 'nospell' COMMENT 'item description',
  `image` varchar(255) NOT NULL COMMENT 'item image',
  `costMp` int(11) NOT NULL DEFAULT '1',
  `req_str` int(10) NOT NULL DEFAULT '0' COMMENT 'required str',
  `req_int` int(10) NOT NULL DEFAULT '0',
  `req_dex` int(10) NOT NULL DEFAULT '0',
  `req_cha` int(10) NOT NULL DEFAULT '0',
  `req_lev` int(10) NOT NULL DEFAULT '0',
  `mod_str` int(10) NOT NULL DEFAULT '0',
  `mod_int` int(10) NOT NULL DEFAULT '0',
  `mod_dex` int(10) NOT NULL DEFAULT '0',
  `mod_cha` int(10) NOT NULL DEFAULT '0',
  `price` float NOT NULL DEFAULT '0',
  `level` int(10) NOT NULL DEFAULT '0' COMMENT 'item level',
  `duration` int(10) NOT NULL DEFAULT '0',
  `spelltype` int(10) NOT NULL DEFAULT '0',
  `damage` varchar(128) NOT NULL DEFAULT '0',
  `savingthrow` int(11) NOT NULL DEFAULT '-1',
  `initiative` int(11) NOT NULL DEFAULT '1' COMMENT 'priority in combat',
  PRIMARY KEY (`id`)
) ENGINE=InnoDB  DEFAULT CHARSET=utf8 AUTO_INCREMENT=47 ;

--
-- Dump dei dati per la tabella `Spell`
--

INSERT INTO `Spell` (`id`, `name`, `description`, `image`, `costMp`, `req_str`, `req_int`, `req_dex`, `req_cha`, `req_lev`, `mod_str`, `mod_int`, `mod_dex`, `mod_cha`, `price`, `level`, `duration`, `spelltype`, `damage`, `savingthrow`, `initiative`) VALUES
(1, 'noSpell', 'No-spell', '', 0, 0, 0, 0, 0, 0, 0, 0, 0, 0, 0, 0, 0, 0, '0', -1, 1),
(2, 'Dardo Incantato', 'una freccia magica che non manca mai il bersaglio', 'mmissile', 3, 0, 0, 0, 0, 1, 0, 0, 0, 0, 1000, 1, 0, 0, '1d6', -1, 1),
(3, 'Cura Minore', 'Un incantesimo che sana le ferite piu lievi', 'heal1', 4, 0, 0, 0, 0, 1, 0, 0, 0, 0, 1000, 1, 0, 1, '1d6', -1, 1),
(4, 'Scudo Minore', 'Una bariera chemigliora la difesa', 'shield1', 5, 0, 0, 0, 0, 1, 0, 0, 5, 0, 1000, 1, 10, 2, '0', -1, 1),
(5, 'Luce magica', 'Un bagliore di luce illumina a giorno una zona prescelta. L''incantesimo puo'' essere lanciato su una persona o su un oggetto', 'lucema', 3, 0, 0, 0, 0, 1, 0, 0, 0, 0, 1000, 1, 12, 2, '0', -1, 1),
(6, 'Buio magico', 'Trasforma in oscurita una zona precisa o la visuale attorno ad un personaggio', 'buoioma', 3, 0, 0, 0, 0, 1, 0, 0, -3, 0, 1000, 1, 12, 0, '0', -1, 1),
(7, 'charme', 'L''incantesimo permette di controllare una persona', 'charme', 5, 0, 0, 0, 0, 1, 0, 0, 0, 0, 1000, 1, 10, 0, '0', -1, 1),
(10, 'Benedizione', 'Aiuta ad abbassare il tiro per colpire e il danno sul o sui nemici', 'ben', 6, 0, 0, 0, 0, 2, 2, 0, 3, 0, 2000, 2, 36, 2, '0', -1, 1),
(11, 'Blocca persona', 'rallenta fino a quattro avversari, abbssando  la possibilita'' di essere colpiti', 'blocca', 8, 0, 0, 0, 0, 2, 0, 0, -8, 0, 2000, 2, 20, 1, '0', -1, 1),
(12, 'Silenzio', 'Chi usa questo incantesimo potra'' muoversi senza difficolta ed evitare spiacevoli incontri', 'silenzio', 6, 0, 0, 0, 0, 2, 0, 0, 2, 0, 2000, 2, 12, 2, '0', -1, 1),
(13, 'luce perenne', 'luce acceccante usata come arma su un nemico', 'luceperenne', 9, 0, 0, 0, 0, 4, -3, 0, -6, 0, 4000, 4, 12, 2, '0', -1, 1),
(14, 'cura cecit', 'fa svanire l''effetto dell''incantesimo luce perenne e cura qualunque altro tipo di cecit', 'ceci', 9, 0, 0, 0, 0, 4, 0, 0, 0, 0, 4000, 4, 1000, 2, '0', -1, 1),
(15, 'infliggi malattia', 'L''incantesimo infligge un danno alla forza e alla destrezza del nemico, il quale potra'' evitare l''effetto solo con un tiro-salvezza', 'infliggimal', 10, 0, 0, 0, 0, 4, -6, 0, -5, 0, 4000, 4, 100, 0, '0', -1, 1),
(16, 'scaccia maledizione', 'Annulla qualunque effetto, magico o meno, di una maledizione o malattia che grava sul proprio personaggio', 'scamal', 10, 0, 0, 0, 0, 4, 0, 0, 0, 0, 4000, 4, 100, 2, '0', -1, 1),
(17, 'incantesimo per colpire', 'Ad ogni attacco portato a segno ci sar un attacco ulteriore calcolabile con 1d6+1', 'incaaggiunt', 13, 0, 0, 0, 0, 4, 0, 0, 0, 0, 4000, 4, 100, 0, '1d6+1d6', -1, 1),
(18, 'Incantesimo dissolvi magia', 'Toglie qualuque effetto magico da oggetti o personaggi che sono stati colpiti da incantesimo', 'dissolvimag', 13, 0, 0, 0, 0, 4, 0, 0, 0, 0, 4000, 4, 100, 1, '0', -1, 1),
(19, 'Cura ferite maggiori', 'Cura ferite profonde', 'curagravi', 14, 0, 0, 0, 0, 5, 0, 0, 0, 0, 5000, 5, 1, 2, '2d6+2', -1, 1),
(20, 'Cura ferite enorme', 'cura profonde ferite con un 4d6+2', 'curaenornm', 20, 0, 0, 0, 0, 7, 0, 0, 0, 0, 7000, 7, 1, 1, '4d6+2', -1, 1),
(22, 'Incantesimo del sonno', 'Il vostro avversario avra''  sonno al punto da non riuscire ad attaccarvi', 'sonno', 4, 0, 0, 0, 0, 1, 0, 0, -3, 0, 1000, 1, 36, 0, '0', -1, 1),
(23, 'immagini illusorie', 'l''incantesimo crea un immagine uguale alla vostra per cui il primo attacco, se portato a segno non vi far alcun male ', 'illusion', 6, 0, 0, 0, 0, 2, 0, 0, 15, 0, 2000, 2, 4, 2, '0', -1, 1),
(24, 'Ragna tela', 'Fino a 2 nemici avranno difficolta a muoversi e quindi ad attaccarsi', 'web', 7, 0, 0, 0, 0, 2, 0, 0, -4, 0, 2000, 2, 10, 0, '0', -1, 1),
(25, 'Palla di fuoco', 'Proiettile infuocato che scoppia al contatto con il nemico', 'pallafuoco', 10, 0, 0, 0, 0, 3, 0, 0, 0, 0, 3000, 3, 1, 0, '6d6', -1, 1),
(26, 'velocita', 'Aumenta la velocit del giocatore favorendo cos un secondo attacco e aumentando la propria destrezza', 'velo', 12, 0, 0, 0, 0, 3, 0, 0, 4, 0, 3000, 3, 8, 2, '1d4+1d6', -1, 1),
(27, 'fulmine magico', 'un pontente fulmine, a colpo sicuro, ferisce gravemente il vostro nemico', 'fulmine', 13, 0, 0, 0, 0, 3, 0, 0, 0, 0, 3000, 3, 1, 0, '6d6+4', -1, 1),
(28, 'Confusione', 'Il nemico perde il senso dell''orientamente e non riconosce piu'' il suo nemico principale.', 'confusione', 19, 0, 0, 0, 0, 5, -1, -9, -2, 0, 5000, 5, 8, 0, '0', -1, 1),
(29, 'Tempesta di ghiaccio', 'Una violenta tempesta si abbatte sul nemico', 'tempestaghi', 20, 0, 0, 0, 0, 5, 0, 0, 0, 0, 5000, 5, 1, 0, '9d6', -1, 1),
(30, 'muro di fuoco', 'un fmuro di fuoco ti protegge dai nemici e chiunque voglia sorpassarlo subisce gravi danni da ustione.', 'murofuo', 16, 0, 0, 0, 0, 4, 0, 0, 0, 0, 4000, 4, 10, 2, '3d6', -1, 1),
(31, 'nube mortale', 'una nube tossica circonda l''avversario o avversari limitrofi.', 'nubemort', 21, 0, 0, 0, 0, 5, 0, 0, 0, 0, 5000, 5, 50, 0, '1', -1, 1),
(32, 'Muro di pietra', 'Un muro di pietra si frappone tra te e l''avversario, aumentando cos la propria difesa e infliggendo un danno al nemico', 'muropietra', 23, 0, 0, 0, 0, 6, 0, 0, -10, 0, 6000, 6, 10, 0, '1d6', -1, 1),
(33, 'disintegrazione', 'disintegra senza possibilit di dimezzare il danno', 'disint', 27, 0, 0, 0, 0, 8, 0, 0, 0, 0, 8000, 8, 1, 0, '65', -1, 1),
(34, 'incantesimo della morte', 'un pericoloso attacco magico infligge una ferit mortale che pu essere dimezzata con un TS', 'incamort', 26, 0, 0, 0, 0, 8, 0, 0, 0, 0, 8000, 8, 1, 0, '9d10', -1, 1),
(35, 'Annientamento mentale', 'Terribile incantesimo che abbassa in maniera drastica l''intelligenza e i punti mana', 'anninet', 30, 0, 0, 0, 0, 9, 0, -12, 0, 0, 9000, 9, 1, 0, '0', -1, 1),
(36, 'barriera', 'Crea una barriera di martelli roteanti che difendono il giocatore da qualunque attacco', 'barrier', 28, 0, 0, 0, 0, 8, 0, 0, 0, 0, 8000, 8, 10, 2, '6d10', -1, 1),
(37, 'guarigione', 'l''incantesimo restituisce, senza possibilit d''errore, 50PF', 'guar', 26, 0, 0, 0, 0, 7, 0, 0, 0, 0, 7000, 7, 1, 1, '50', -1, 1),
(38, 'parola sacra', 'Il nemico se ha PF inferiori o uguali e sbaglia il Ts muore sul colpo, altrimenti dimezza i propri PF', 'parsacr', 29, 0, 0, 0, 0, 9, 0, 0, 0, 0, 9000, 9, 1, 0, '0', -1, 1),
(39, 'Ristorazione', 'Il giocatore recupera tutti i propri Pf persi', 'risto', 30, 0, 0, 0, 0, 9, 0, 0, 0, 0, 9000, 9, 1, 1, '10d100', -1, 1),
(40, 'Controllo vento', 'Il giocatore puo'' controllare il movimento e l''intensita'' dell''aria anche per evitare gli attacchi dei nemici oltre a procurare piccole ferite', 'controvent', 17, 0, 0, 0, 0, 5, 0, 0, -12, 0, 5000, 5, 6, 0, '1d3', -1, 1),
(41, 'Moviemtno dell''aria', 'Con questo incantesimo il giocatore  mosso tre volte pi veloce i suoi standard favorendo cosi'' pi attacchi per turno e facilitando la difesa', 'movair', 17, 0, 0, 0, 0, 5, 0, 0, 8, 0, 5000, 5, 8, 2, '1d8+3+1d8+3+1d8+3', -1, 1),
(42, 'Morte volante', 'Uno sciame di 1000 insetti ricpore la vittima e per la prenda restano pochi secondi prima della morte inevitasbile', 'mortevol', 33, 0, 0, 0, 0, 10, 0, 0, 0, 0, 10000, 10, 10, 0, '10d10', -1, 1),
(43, 'Conoscenza', 'Il giocatore riceve un bonus sull''intelligenza e quindi sui propri punti mana', 'cono', 28, 0, 0, 0, 0, 8, 0, 12, 0, 0, 8000, 8, 5, 1, '0', -1, 1),
(44, 'Invisibilit multipla', 'Per tre attacchi il giocatore non subir alcun danno', 'invimult', 28, 0, 0, 0, 0, 8, 0, 0, 25, 0, 8000, 8, 3, 2, '0', -1, 1),
(45, 'Nube esplosiva', 'Ricoperto da una nube, l''avversio  vittima di mortali letali esplosioni', 'nubeespo', 31, 0, 0, 0, 0, 9, 0, 0, 0, 0, 9000, 9, 3, 0, '100', -1, 1),
(46, 'Pioggia di meteore', '( meteoriti infuocati colpiscono il nemico infliggendo 8d6 di danno cadauno', 'pioggiamete', 34, 0, 0, 0, 0, 10, 0, 0, 0, 0, 10000, 10, 1, 0, '8d6+8d6+8d6+8d6+8d6+8d6+8d6+8d6', -1, 1);

-- --------------------------------------------------------

--
-- Struttura della tabella `SpellAffectPlayer`
--
-- Creazione: Set 18, 2014 alle 13:45
--

DROP TABLE IF EXISTS `SpellAffectPlayer`;
CREATE TABLE IF NOT EXISTS `SpellAffectPlayer` (
  `id` int(11) NOT NULL AUTO_INCREMENT,
  `Playerid` int(10) NOT NULL,
  `Spellid` int(10) NOT NULL,
  `elapsing` bigint(20) NOT NULL DEFAULT '0',
  PRIMARY KEY (`id`),
  KEY `Affected` (`Playerid`),
  KEY `Affecting` (`Spellid`)
) ENGINE=InnoDB DEFAULT CHARSET=utf8 AUTO_INCREMENT=1 ;

-- --------------------------------------------------------

--
-- Struttura della tabella `locks`
--
-- Creazione: Set 18, 2014 alle 13:45
--

DROP TABLE IF EXISTS `locks`;
CREATE TABLE IF NOT EXISTS `locks` (
  `id` int(10) NOT NULL AUTO_INCREMENT,
  `name` varchar(255) NOT NULL,
  `parentId` int(10) DEFAULT NULL,
  PRIMARY KEY (`id`),
  KEY `ExternalLock` (`parentId`)
) ENGINE=InnoDB  DEFAULT CHARSET=utf8 AUTO_INCREMENT=4 ;

--
-- Dump dei dati per la tabella `locks`
--

INSERT INTO `locks` (`id`, `name`, `parentId`) VALUES
(3, 'noLock', NULL);

-- --------------------------------------------------------

--
-- Struttura della tabella `tomcat_roles`
--
-- Creazione: Set 18, 2014 alle 13:45
--

DROP TABLE IF EXISTS `tomcat_roles`;
CREATE TABLE IF NOT EXISTS `tomcat_roles` (
  `user` varchar(16) CHARACTER SET utf8 NOT NULL,
  `role` varchar(16) CHARACTER SET utf8 NOT NULL,
  PRIMARY KEY (`user`)
) ENGINE=InnoDB DEFAULT CHARSET=latin1;

--
-- Dump dei dati per la tabella `tomcat_roles`
--

INSERT INTO `tomcat_roles` (`user`, `role`) VALUES
('abbo15', 'player'),
('admin', 'manager'),
('berny', 'player'),
('cami79', 'player'),
('camilla', 'player'),
('csee', 'player'),
('defeater', 'player'),
('Gandalf', 'player'),
('ivomania', 'player'),
('mike', 'player'),
('Panificator', 'player'),
('Pomata', 'player'),
('Stella.to', 'player'),
('teouzz', 'player'),
('test', 'player'),
('test1', 'player'),
('test2', 'player'),
('Tokarev', 'player');

-- --------------------------------------------------------

--
-- Struttura della tabella `tomcat_users`
--
-- Creazione: Set 18, 2014 alle 13:45
--

DROP TABLE IF EXISTS `tomcat_users`;
CREATE TABLE IF NOT EXISTS `tomcat_users` (
  `user` varchar(16) CHARACTER SET utf8 NOT NULL,
  `password` varchar(25) CHARACTER SET utf8 NOT NULL,
  `email` varchar(128) CHARACTER SET utf8 NOT NULL,
  PRIMARY KEY (`user`),
  UNIQUE KEY `email` (`email`)
) ENGINE=InnoDB DEFAULT CHARSET=latin1;

--
-- Dump dei dati per la tabella `tomcat_users`
--

INSERT INTO `tomcat_users` (`user`, `password`, `email`) VALUES
('abbo15', 'Anduril', 'abbo94@live.it'),
('admin', 'sonoAdmin', 'admin@antopedia.org'),
('berny', 'berny1994', 'bernard94@live.it'),
('cami79', 'camilla', 'mitrandir7992@yahoo.it'),
('camilla', 'camilla', 'giuliocicala@yahoo.it'),
('csee', 'csee', 'csee@cseec.com'),
('defeater', 'bimbotto', 'clijiwre@guerrillamailblock.com'),
('Gandalf', 'gandalf', 'Gandalfthegreat@hotmail.it'),
('ivomania', 'Ivomania1', 'ivomania@gmail.com'),
('mike', 'mike', 'michele.sacchetti@gmail.com'),
('Panificator', 'algarion', 'stefanosalesiarch@gmail.com'),
('Pomata', 'oliva', 'pcolu@libero.it'),
('Stella.to', 'brigitte', 'mirandolina_it@yahoo.it'),
('teouzz', 'cattivik', 'teouzz@gmail.com'),
('test', 'test', 'test@test.org'),
('test1', 'test', 'test1@antopedia.org'),
('test2', 'test', 'test2@antopedia.org'),
('Tokarev', 'ti19037651', 'tokarev_99@excite.it');

--
-- Limiti per le tabelle scaricate
--

--
-- Limiti per la tabella `Item`
--
ALTER TABLE `Item`
  ADD CONSTRAINT `Item_ibfk_1` FOREIGN KEY (`spell`) REFERENCES `Spell` (`id`) ON DELETE CASCADE;

--
-- Limiti per la tabella `Player`
--
ALTER TABLE `Player`
  ADD CONSTRAINT `Player_ibfk_2` FOREIGN KEY (`aid`) REFERENCES `tomcat_users` (`user`) ON DELETE CASCADE,
  ADD CONSTRAINT `Player_ibfk_3` FOREIGN KEY (`areaItem`) REFERENCES `AreaItem` (`id`);

--
-- Limiti per la tabella `PlayerKnowSpell`
--
ALTER TABLE `PlayerKnowSpell`
  ADD CONSTRAINT `PlayerKnowSpell_ibfk_1` FOREIGN KEY (`Playerid`) REFERENCES `Player` (`id`) ON DELETE CASCADE,
  ADD CONSTRAINT `PlayerKnowSpell_ibfk_2` FOREIGN KEY (`Spellid`) REFERENCES `Spell` (`id`) ON DELETE CASCADE;

--
-- Limiti per la tabella `PlayerOwnItem`
--
ALTER TABLE `PlayerOwnItem`
  ADD CONSTRAINT `PlayerOwnItem_ibfk_3` FOREIGN KEY (`Playerid`) REFERENCES `Player` (`id`) ON DELETE CASCADE,
  ADD CONSTRAINT `PlayerOwnItem_ibfk_4` FOREIGN KEY (`Itemid`) REFERENCES `Item` (`id`) ON DELETE CASCADE;

--
-- Limiti per la tabella `SpellAffectPlayer`
--
ALTER TABLE `SpellAffectPlayer`
  ADD CONSTRAINT `SpellAffectPlayer_ibfk_1` FOREIGN KEY (`Playerid`) REFERENCES `Player` (`id`) ON DELETE CASCADE,
  ADD CONSTRAINT `SpellAffectPlayer_ibfk_2` FOREIGN KEY (`Spellid`) REFERENCES `Spell` (`id`) ON DELETE CASCADE;

--
-- Limiti per la tabella `locks`
--
ALTER TABLE `locks`
  ADD CONSTRAINT `locks_ibfk_1` FOREIGN KEY (`parentId`) REFERENCES `locks` (`id`);

--
-- Limiti per la tabella `tomcat_roles`
--
ALTER TABLE `tomcat_roles`
  ADD CONSTRAINT `tomcat_roles_ibfk_1` FOREIGN KEY (`user`) REFERENCES `tomcat_users` (`user`) ON DELETE CASCADE ON UPDATE CASCADE;
SET FOREIGN_KEY_CHECKS=1;

/*!40101 SET CHARACTER_SET_CLIENT=@OLD_CHARACTER_SET_CLIENT */;
/*!40101 SET CHARACTER_SET_RESULTS=@OLD_CHARACTER_SET_RESULTS */;
/*!40101 SET COLLATION_CONNECTION=@OLD_COLLATION_CONNECTION */;
